/****************************************************************************
** Resource object code
**
** Created by: The Resource Compiler for Qt version 5.12.8
**
** WARNING! All changes made in this file will be lost!
*****************************************************************************/

static const unsigned char qt_resource_data[] = {
  // E:/QTproject/kylinqt/main.qml
  0x0,0x0,0x7,0x60,
  0x69,
  0x6d,0x70,0x6f,0x72,0x74,0x20,0x51,0x74,0x51,0x75,0x69,0x63,0x6b,0x20,0x32,0x2e,
  0x31,0x32,0xd,0xa,0x69,0x6d,0x70,0x6f,0x72,0x74,0x20,0x51,0x74,0x51,0x75,0x69,
  0x63,0x6b,0x2e,0x57,0x69,0x6e,0x64,0x6f,0x77,0x20,0x32,0x2e,0x31,0x32,0xd,0xa,
  0x69,0x6d,0x70,0x6f,0x72,0x74,0x20,0x22,0x2e,0x2f,0x63,0x6f,0x6d,0x70,0x6f,0x6e,
  0x65,0x6e,0x74,0x73,0x22,0xd,0xa,0x69,0x6d,0x70,0x6f,0x72,0x74,0x20,0x74,0x61,
  0x6f,0x51,0x75,0x69,0x63,0x6b,0x20,0x31,0x2e,0x30,0xd,0xa,0x69,0x6d,0x70,0x6f,
  0x72,0x74,0x20,0x51,0x74,0x51,0x75,0x69,0x63,0x6b,0x2e,0x4c,0x61,0x79,0x6f,0x75,
  0x74,0x73,0x20,0x31,0x2e,0x31,0x32,0xd,0xa,0x69,0x6d,0x70,0x6f,0x72,0x74,0x20,
  0x51,0x74,0x51,0x75,0x69,0x63,0x6b,0x2e,0x43,0x6f,0x6e,0x74,0x72,0x6f,0x6c,0x73,
  0x20,0x32,0x2e,0x31,0x32,0xd,0xa,0x57,0x69,0x6e,0x64,0x6f,0x77,0x20,0x7b,0xd,
  0xa,0x20,0x20,0x20,0x20,0x69,0x64,0x3a,0x20,0x72,0x6f,0x6f,0x74,0xd,0xa,0x20,
  0x20,0x20,0x20,0x76,0x69,0x73,0x69,0x62,0x6c,0x65,0x3a,0x20,0x74,0x72,0x75,0x65,
  0xd,0xa,0x20,0x20,0x20,0x20,0x77,0x69,0x64,0x74,0x68,0x3a,0x20,0x53,0x63,0x72,
  0x65,0x65,0x6e,0x2e,0x77,0x69,0x64,0x74,0x68,0xd,0xa,0x20,0x20,0x20,0x20,0x68,
  0x65,0x69,0x67,0x68,0x74,0x3a,0x20,0x53,0x63,0x72,0x65,0x65,0x6e,0x2e,0x68,0x65,
  0x69,0x67,0x68,0x74,0xd,0xa,0x20,0x20,0x20,0x20,0x74,0x69,0x74,0x6c,0x65,0x3a,
  0x20,0x71,0x73,0x54,0x72,0x28,0x22,0x6b,0x79,0x6c,0x69,0x6e,0x2d,0x71,0x74,0x22,
  0x29,0xd,0xa,0xd,0xa,0xd,0xa,0x20,0x20,0x20,0x20,0x49,0x74,0x65,0x6d,0x20,
  0x7b,0xd,0xa,0x20,0x20,0x20,0x20,0x69,0x64,0x3a,0x64,0x79,0x74,0xd,0xa,0x20,
  0x20,0x20,0x20,0x77,0x69,0x64,0x74,0x68,0x3a,0x20,0x31,0x32,0x30,0x30,0xd,0xa,
  0x20,0x20,0x20,0x20,0x68,0x65,0x69,0x67,0x68,0x74,0x3a,0x20,0x38,0x30,0x30,0xd,
  0xa,0x20,0x20,0x20,0xd,0xa,0x20,0x20,0x20,0x20,0x43,0x6f,0x6c,0x75,0x6d,0x6e,
  0x20,0x7b,0xd,0xa,0x20,0x20,0x20,0x20,0x20,0x20,0x20,0x20,0x61,0x6e,0x63,0x68,
  0x6f,0x72,0x73,0x2e,0x66,0x69,0x6c,0x6c,0x3a,0x20,0x70,0x61,0x72,0x65,0x6e,0x74,
  0xd,0xa,0xd,0xa,0x20,0x20,0x20,0x20,0x20,0x20,0x20,0x20,0x2f,0x2f,0x20,0x3d,
  0x3d,0x3d,0x3d,0x3d,0x20,0x54,0x61,0x62,0x42,0x61,0x72,0x20,0x3d,0x3d,0x3d,0x3d,
  0x3d,0xd,0xa,0x20,0x20,0x20,0x20,0x20,0x20,0x20,0x20,0x54,0x61,0x62,0x42,0x61,
  0x72,0x20,0x7b,0xd,0xa,0x20,0x20,0x20,0x20,0x20,0x20,0x20,0x20,0x20,0x20,0x20,
  0x20,0x69,0x64,0x3a,0x20,0x62,0x61,0x72,0xd,0xa,0x20,0x20,0x20,0x20,0x20,0x20,
  0x20,0x20,0x20,0x20,0x20,0x20,0x77,0x69,0x64,0x74,0x68,0x3a,0x20,0x70,0x61,0x72,
  0x65,0x6e,0x74,0x2e,0x77,0x69,0x64,0x74,0x68,0xd,0xa,0xd,0xa,0x20,0x20,0x20,
  0x20,0x20,0x20,0x20,0x20,0x20,0x20,0x20,0x20,0x54,0x61,0x62,0x42,0x75,0x74,0x74,
  0x6f,0x6e,0x20,0x7b,0xd,0xa,0x20,0x20,0x20,0x20,0x20,0x20,0x20,0x20,0x20,0x20,
  0x20,0x20,0x20,0x20,0x20,0x20,0x74,0x65,0x78,0x74,0x3a,0x20,0x71,0x73,0x54,0x72,
  0x28,0x22,0xe5,0x9b,0xbe,0xe5,0x83,0x8f,0xe5,0xaf,0xbc,0xe5,0xbc,0x95,0xe5,0xa4,
  0xb4,0x22,0x29,0xd,0xa,0x20,0x20,0x20,0x20,0x20,0x20,0x20,0x20,0x20,0x20,0x20,
  0x20,0x20,0x20,0x20,0x20,0x66,0x6f,0x6e,0x74,0x2e,0x70,0x69,0x78,0x65,0x6c,0x53,
  0x69,0x7a,0x65,0x3a,0x20,0x32,0x30,0xd,0xa,0x20,0x20,0x20,0x20,0x20,0x20,0x20,
  0x20,0x20,0x20,0x20,0x20,0x7d,0xd,0xa,0xd,0xa,0x20,0x20,0x20,0x20,0x20,0x20,
  0x20,0x20,0x20,0x20,0x20,0x20,0x54,0x61,0x62,0x42,0x75,0x74,0x74,0x6f,0x6e,0x20,
  0x7b,0xd,0xa,0x20,0x20,0x20,0x20,0x20,0x20,0x20,0x20,0x20,0x20,0x20,0x20,0x20,
  0x20,0x20,0x20,0x74,0x65,0x78,0x74,0x3a,0x20,0x71,0x73,0x54,0x72,0x28,0x22,0xe6,
  0xbf,0x80,0xe5,0x85,0x89,0xe5,0xaf,0xbc,0xe5,0xbc,0x95,0xe5,0xa4,0xb4,0x22,0x29,
  0xd,0xa,0x20,0x20,0x20,0x20,0x20,0x20,0x20,0x20,0x20,0x20,0x20,0x20,0x20,0x20,
  0x20,0x20,0x66,0x6f,0x6e,0x74,0x2e,0x70,0x69,0x78,0x65,0x6c,0x53,0x69,0x7a,0x65,
  0x3a,0x20,0x32,0x30,0xd,0xa,0x20,0x20,0x20,0x20,0x20,0x20,0x20,0x20,0x20,0x20,
  0x20,0x20,0x7d,0xd,0xa,0x20,0x20,0x20,0x20,0x20,0x20,0x20,0x20,0x7d,0xd,0xa,
  0x20,0x20,0x20,0x20,0x20,0x20,0x20,0x20,0x2f,0x2f,0x20,0x3d,0x3d,0x3d,0x3d,0x3d,
  0x20,0xe9,0xa1,0xb5,0xe9,0x9d,0xa2,0xe5,0x8c,0xba,0xe5,0x9f,0x9f,0x20,0x3d,0x3d,
  0x3d,0x3d,0x3d,0xd,0xa,0x20,0x20,0x20,0x20,0x20,0x20,0x20,0x20,0x53,0x74,0x61,
  0x63,0x6b,0x4c,0x61,0x79,0x6f,0x75,0x74,0x20,0x7b,0xd,0xa,0x20,0x20,0x20,0x20,
  0x20,0x20,0x20,0x20,0x20,0x20,0x20,0x20,0x69,0x64,0x3a,0x20,0x73,0x74,0x61,0x63,
  0x6b,0xd,0xa,0x20,0x20,0x20,0x20,0x20,0x20,0x20,0x20,0x20,0x20,0x20,0x20,0x77,
  0x69,0x64,0x74,0x68,0x3a,0x20,0x70,0x61,0x72,0x65,0x6e,0x74,0x2e,0x77,0x69,0x64,
  0x74,0x68,0xd,0xa,0x20,0x20,0x20,0x20,0x20,0x20,0x20,0x20,0x20,0x20,0x20,0x20,
  0x68,0x65,0x69,0x67,0x68,0x74,0x3a,0x20,0x70,0x61,0x72,0x65,0x6e,0x74,0x2e,0x68,
  0x65,0x69,0x67,0x68,0x74,0x20,0x2d,0x20,0x62,0x61,0x72,0x2e,0x68,0x65,0x69,0x67,
  0x68,0x74,0xd,0xa,0x20,0x20,0x20,0x20,0x20,0x20,0x20,0x20,0x20,0x20,0x20,0x20,
  0x63,0x75,0x72,0x72,0x65,0x6e,0x74,0x49,0x6e,0x64,0x65,0x78,0x3a,0x20,0x62,0x61,
  0x72,0x2e,0x63,0x75,0x72,0x72,0x65,0x6e,0x74,0x49,0x6e,0x64,0x65,0x78,0xd,0xa,
  0x20,0x20,0x20,0x20,0x20,0x20,0x20,0x20,0x20,0x20,0x20,0x20,0x2f,0x2f,0x20,0x2d,
  0x2d,0x2d,0x20,0xe7,0xac,0xac,0xe4,0xb8,0x80,0xe4,0xb8,0xaa,0xe9,0xa1,0xb5,0xe9,
  0x9d,0xa2,0x20,0x2d,0x2d,0x2d,0xd,0xa,0x20,0x20,0x20,0x20,0x20,0x20,0x20,0x20,
  0x20,0x20,0x20,0x20,0x49,0x74,0x65,0x6d,0x20,0x7b,0xd,0xa,0x20,0x20,0x20,0x20,
  0x20,0x20,0x20,0x20,0x20,0x20,0x20,0x20,0x20,0x20,0x20,0x20,0x49,0x6d,0x61,0x67,
  0x65,0x41,0x72,0x65,0x61,0x20,0x7b,0xd,0xa,0x20,0x20,0x20,0x20,0x20,0x20,0x20,
  0x20,0x20,0x20,0x20,0x20,0x20,0x20,0x20,0x20,0x20,0x20,0x20,0x20,0x61,0x6e,0x63,
  0x68,0x6f,0x72,0x73,0x2e,0x66,0x69,0x6c,0x6c,0x3a,0x20,0x70,0x61,0x72,0x65,0x6e,
  0x74,0x20,0x20,0x20,0xd,0xa,0x20,0x20,0x20,0x20,0x20,0x20,0x20,0x20,0x20,0x20,
  0x20,0x20,0x20,0x20,0x20,0x20,0x7d,0xd,0xa,0x20,0x20,0x20,0x20,0x20,0x20,0x20,
  0x20,0x20,0x20,0x20,0x20,0x7d,0xd,0xa,0x20,0x20,0x20,0x20,0x20,0x20,0x20,0x20,
  0x20,0x20,0x20,0x20,0x2f,0x2f,0x20,0x2d,0x2d,0x2d,0x20,0xe7,0xac,0xac,0xe4,0xba,
  0x8c,0xe4,0xb8,0xaa,0xe9,0xa1,0xb5,0xe9,0x9d,0xa2,0x20,0x2d,0x2d,0x2d,0xd,0xa,
  0x20,0x20,0x20,0x20,0x20,0x20,0x20,0x20,0x20,0x20,0x20,0x20,0x49,0x74,0x65,0x6d,
  0x20,0x7b,0xd,0xa,0x20,0x20,0x20,0x20,0x20,0x20,0x20,0x20,0x20,0x20,0x20,0x20,
  0x20,0x20,0x20,0x20,0x4c,0x61,0x73,0x65,0x72,0x41,0x72,0x65,0x61,0x7b,0xd,0xa,
  0x20,0x20,0x20,0x20,0x20,0x20,0x20,0x20,0x20,0x20,0x20,0x20,0x20,0x20,0x20,0x20,
  0x20,0x20,0x20,0x20,0x61,0x6e,0x63,0x68,0x6f,0x72,0x73,0x2e,0x66,0x69,0x6c,0x6c,
  0x3a,0x20,0x70,0x61,0x72,0x65,0x6e,0x74,0xd,0xa,0x20,0x20,0x20,0x20,0x20,0x20,
  0x20,0x20,0x20,0x20,0x20,0x20,0x20,0x20,0x20,0x20,0x7d,0xd,0xa,0x20,0x20,0x20,
  0x20,0x20,0x20,0x20,0x20,0x20,0x20,0x20,0x20,0x7d,0xd,0xa,0x20,0x20,0x20,0x20,
  0x20,0x20,0x20,0x20,0x7d,0xd,0xa,0x20,0x20,0x20,0x20,0x7d,0xd,0xa,0x7d,0xd,
  0xa,0xd,0xa,0x4d,0x79,0x76,0x69,0x64,0x65,0x6f,0x35,0x20,0x7b,0xd,0xa,0x20,
  0x20,0x20,0x20,0x69,0x64,0x3a,0x20,0x6d,0x79,0x76,0x69,0x64,0x65,0x6f,0xd,0xa,
  0x20,0x20,0x20,0x20,0x61,0x6e,0x63,0x68,0x6f,0x72,0x73,0x2e,0x74,0x6f,0x70,0x3a,
  0x70,0x61,0x72,0x65,0x6e,0x74,0x2e,0x74,0x6f,0x70,0xd,0xa,0x20,0x20,0x20,0x20,
  0x61,0x6e,0x63,0x68,0x6f,0x72,0x73,0x2e,0x6c,0x65,0x66,0x74,0x3a,0x64,0x79,0x74,
  0x2e,0x72,0x69,0x67,0x68,0x74,0xd,0xa,0x20,0x20,0x20,0x20,0x61,0x6e,0x63,0x68,
  0x6f,0x72,0x73,0x2e,0x6c,0x65,0x66,0x74,0x4d,0x61,0x72,0x67,0x69,0x6e,0x3a,0x20,
  0x35,0xd,0xa,0x7d,0xd,0xa,0x4d,0x6f,0x64,0x65,0x73,0x65,0x6c,0x65,0x63,0x74,
  0x20,0x7b,0xd,0xa,0x20,0x20,0x20,0x20,0x69,0x64,0x3a,0x20,0x6d,0x6f,0x64,0x65,
  0x73,0x65,0x6c,0x65,0x63,0x74,0xd,0xa,0x20,0x20,0x20,0x20,0x68,0x65,0x69,0x67,
  0x68,0x74,0x3a,0x35,0x30,0xd,0xa,0x20,0x20,0x20,0x20,0x61,0x6e,0x63,0x68,0x6f,
  0x72,0x73,0x2e,0x74,0x6f,0x70,0x3a,0x20,0x6d,0x79,0x76,0x69,0x64,0x65,0x6f,0x2e,
  0x62,0x6f,0x74,0x74,0x6f,0x6d,0xd,0xa,0x20,0x20,0x20,0x20,0x61,0x6e,0x63,0x68,
  0x6f,0x72,0x73,0x2e,0x6c,0x65,0x66,0x74,0x3a,0x20,0x64,0x79,0x74,0x2e,0x72,0x69,
  0x67,0x68,0x74,0xd,0xa,0x20,0x20,0x20,0x20,0x61,0x6e,0x63,0x68,0x6f,0x72,0x73,
  0x2e,0x6c,0x65,0x66,0x74,0x4d,0x61,0x72,0x67,0x69,0x6e,0x3a,0x20,0x34,0x30,0xd,
  0xa,0x20,0x20,0x20,0x20,0x61,0x6e,0x63,0x68,0x6f,0x72,0x73,0x2e,0x74,0x6f,0x70,
  0x4d,0x61,0x72,0x67,0x69,0x6e,0x3a,0x20,0x35,0x20,0x20,0x20,0x20,0xd,0xa,0x20,
  0x20,0x20,0x20,0x61,0x6e,0x63,0x68,0x6f,0x72,0x73,0x2e,0x72,0x69,0x67,0x68,0x74,
  0x3a,0x20,0x6d,0x79,0x76,0x69,0x64,0x65,0x6f,0x2e,0x72,0x69,0x67,0x68,0x74,0xd,
  0xa,0x7d,0xd,0xa,0xd,0xa,0x54,0x75,0x72,0x6e,0x54,0x61,0x62,0x6c,0x65,0x73,
  0x74,0x61,0x74,0x75,0x73,0x20,0x7b,0xd,0xa,0x20,0x20,0x20,0x20,0x69,0x64,0x3a,
  0x20,0x74,0x75,0x72,0x6e,0x74,0x61,0x62,0x6c,0x65,0x73,0x74,0x61,0x74,0x75,0x73,
  0xd,0xa,0x20,0x20,0x20,0x20,0x61,0x6e,0x63,0x68,0x6f,0x72,0x73,0x2e,0x74,0x6f,
  0x70,0x3a,0x20,0x6d,0x6f,0x64,0x65,0x73,0x65,0x6c,0x65,0x63,0x74,0x2e,0x62,0x6f,
  0x74,0x74,0x6f,0x6d,0xd,0xa,0x20,0x20,0x20,0x20,0x61,0x6e,0x63,0x68,0x6f,0x72,
  0x73,0x2e,0x74,0x6f,0x70,0x4d,0x61,0x72,0x67,0x69,0x6e,0x3a,0x20,0x35,0xd,0xa,
  0x20,0x20,0x20,0x20,0x61,0x6e,0x63,0x68,0x6f,0x72,0x73,0x2e,0x6c,0x65,0x66,0x74,
  0x3a,0x20,0x64,0x79,0x74,0x2e,0x72,0x69,0x67,0x68,0x74,0xd,0xa,0x20,0x20,0x20,
  0x20,0x61,0x6e,0x63,0x68,0x6f,0x72,0x73,0x2e,0x6c,0x65,0x66,0x74,0x4d,0x61,0x72,
  0x67,0x69,0x6e,0x3a,0x20,0x35,0x20,0x20,0x20,0xd,0xa,0x20,0x20,0x20,0x20,0x61,
  0x6e,0x63,0x68,0x6f,0x72,0x73,0x2e,0x72,0x69,0x67,0x68,0x74,0x3a,0x20,0x6d,0x79,
  0x76,0x69,0x64,0x65,0x6f,0x2e,0x72,0x69,0x67,0x68,0x74,0xd,0xa,0x20,0x20,0x20,
  0x20,0x73,0x74,0x61,0x63,0x6b,0x6c,0x61,0x79,0x6f,0x75,0x74,0x69,0x6e,0x64,0x65,
  0x78,0x3a,0x20,0x6d,0x6f,0x64,0x65,0x73,0x65,0x6c,0x65,0x63,0x74,0x2e,0x6d,0x79,
  0x69,0x6e,0x64,0x65,0x78,0xd,0xa,0x7d,0xd,0xa,0xd,0xa,0x7d,0xd,0xa,
    // E:/QTproject/kylinqt/components/ImageSendArea.qml
  0x0,0x0,0xf,0x9,
  0x0,
  0x0,0x5d,0xbe,0x78,0x9c,0xed,0x1c,0x6b,0x73,0xd3,0xc6,0xf6,0x3b,0x33,0xfc,0x7,
  0x5d,0xf7,0x43,0xc3,0x94,0x9a,0xd8,0x79,0x41,0x3a,0x99,0x3b,0x60,0xe8,0xbd,0xcc,
  0xc0,0x2d,0x85,0x4e,0xb,0xed,0x74,0x3a,0x8a,0xad,0xd8,0x1a,0x64,0xc9,0x23,0xc9,
  0x40,0x6e,0x27,0x33,0x49,0x21,0x24,0xe4,0x4d,0xa1,0x4d,0x79,0x24,0x21,0x21,0x24,
  0x94,0x82,0xf3,0x80,0x9b,0xf7,0x63,0xa6,0x3f,0xe0,0xfe,0xa,0xaf,0x6c,0x7f,0xea,
  0x5f,0xb8,0xbb,0x5a,0x49,0xd6,0x63,0x25,0x4b,0x76,0x62,0xee,0x7,0x34,0x8c,0xb1,
  0x77,0xcf,0xd9,0x73,0xf6,0xec,0x79,0xed,0x9e,0x55,0xd8,0x74,0x46,0x10,0x65,0xea,
  0x4b,0xf9,0xcb,0x2c,0x1b,0xbf,0x4e,0x45,0xc3,0x91,0xe8,0xd1,0x23,0xac,0xa5,0x31,
  0x1c,0x13,0x78,0x59,0x14,0x38,0x89,0xdc,0x7b,0x81,0xee,0x16,0xb2,0xb2,0x44,0x45,
  0xcc,0x9d,0x32,0x2d,0xe0,0x1,0x23,0xe1,0x46,0xa3,0x31,0x14,0x3e,0x11,0x3a,0x7a,
  0xe4,0x32,0x13,0x97,0x69,0x3e,0xc9,0x31,0xd4,0x8f,0x47,0x8f,0x50,0xf0,0x61,0x13,
  0xed,0x94,0x28,0x8,0x32,0xfe,0x75,0x93,0x4d,0xc8,0xa9,0x76,0x2a,0x12,0x6d,0x6c,
  0xc4,0xd,0x29,0x86,0x4d,0xa6,0xe4,0x76,0xaa,0xa5,0x55,0x6b,0x88,0xb,0x9c,0x20,
  0xb6,0x53,0x1f,0x7f,0xc4,0x9c,0xea,0x6a,0xec,0x3a,0xf5,0x31,0x6e,0x3d,0x71,0x22,
  0xbf,0x31,0x5c,0xdc,0xdb,0x54,0x56,0xf7,0x71,0x83,0x83,0x8e,0x69,0xf4,0xc,0x2d,
  0x32,0xbc,0x1c,0x56,0x7f,0x95,0x3b,0x75,0x4a,0x91,0x72,0x93,0x46,0x2b,0xd4,0xc9,
  0xd1,0xf1,0xeb,0xa1,0x72,0x3b,0xcd,0xc7,0x53,0x82,0x28,0x85,0x3b,0x5,0x59,0x16,
  0xd2,0xc6,0x80,0xf8,0xa7,0xca,0xd,0x55,0x7c,0xf7,0xe,0x3c,0x7d,0x99,0xdf,0xd8,
  0x2e,0xcc,0xfc,0xe,0x76,0xe7,0x6c,0xdc,0xf5,0xe0,0xff,0x32,0xa2,0x90,0x61,0x44,
  0xb9,0x9b,0xba,0x41,0x8b,0x90,0x58,0x3a,0x4d,0xf3,0x89,0xb,0xac,0x4,0x99,0xf8,
  0xee,0xe8,0x91,0x32,0xb9,0x90,0x32,0xf9,0xc,0xc,0xbd,0xcc,0xef,0x3e,0xd,0x1d,
  0x2f,0xb7,0xc2,0x29,0x6f,0xbf,0x80,0xe3,0x2a,0x23,0x3,0xf9,0xed,0x79,0x30,0x7e,
  0xbf,0xd4,0xdb,0x97,0xdf,0xb8,0xa7,0xc,0x8f,0xfe,0xb5,0x33,0x82,0xbf,0x80,0x89,
  0x31,0xa5,0x6f,0xe,0xcc,0x8f,0x96,0xb6,0x7f,0x2b,0xe6,0xe6,0x41,0xef,0x8e,0x69,
  0xd0,0xe2,0xc0,0x2b,0xe5,0x79,0xaf,0x79,0xc4,0x10,0x58,0xbe,0x63,0x6f,0x52,0x26,
  0x9e,0x16,0xde,0xcd,0x59,0x9a,0x4a,0x73,0x77,0xa,0xbb,0x39,0x2b,0xe2,0xf8,0x7d,
  0x84,0xab,0x72,0x62,0x85,0xed,0x7d,0x5c,0xcc,0x2d,0xc1,0x41,0x95,0x99,0x17,0x96,
  0x8e,0xe2,0xe2,0xf3,0xd2,0xc3,0x3e,0x6b,0xd3,0xee,0x52,0x7e,0x7b,0xd,0x8c,0xe,
  0x14,0xb6,0x16,0x5d,0x3b,0xa,0xdb,0xf,0x94,0xa9,0x19,0x2b,0x8b,0xf7,0x1e,0x80,
  0x9d,0x5e,0xe5,0xed,0x5c,0x69,0xf2,0x25,0x18,0x87,0x92,0x7a,0x66,0xe5,0xad,0xff,
  0x6d,0x69,0xf2,0x8d,0xa5,0x5b,0x17,0xee,0xf7,0xfa,0x17,0x63,0x21,0x58,0x5e,0xa6,
  0xe2,0x59,0x11,0x2d,0x67,0x2c,0xd,0x35,0xb3,0x91,0xd0,0x2f,0x64,0x64,0x36,0x4e,
  0x73,0x97,0x68,0x91,0x4e,0xc7,0x64,0x91,0x33,0x3,0x7e,0xc5,0xdc,0x92,0xcd,0x1a,
  0x87,0xb4,0x5b,0x66,0x65,0x8e,0x41,0x1d,0xe5,0x66,0x19,0xfe,0x82,0x7a,0x5,0x9e,
  0xec,0x81,0xdb,0xe3,0x60,0x69,0x7,0xec,0xfc,0x2,0xe6,0xdf,0xe1,0x35,0x4,0x23,
  0x5b,0x26,0x55,0xeb,0x82,0xd6,0x17,0xce,0xb0,0xb7,0x18,0xee,0xa,0xfb,0x6f,0xa6,
  0x9d,0x8a,0x36,0xdb,0xfa,0x3a,0x5,0xe,0xd1,0x10,0xb3,0x8c,0x53,0x6f,0x3f,0x6a,
  0x54,0x9f,0x90,0x59,0x99,0x74,0xdd,0xe5,0x98,0x2e,0xd9,0xd0,0x5c,0xf4,0x83,0xc,
  0x72,0x91,0x16,0x93,0x2c,0xf,0xad,0xa2,0xd1,0xd9,0x2f,0xb,0x19,0x63,0x4,0xf8,
  0x9d,0x8,0x60,0xc7,0xef,0xd1,0x79,0x81,0x36,0x2,0xd6,0x17,0xf2,0x7b,0x8b,0xe0,
  0xfe,0x2e,0xd2,0xdf,0x91,0x2d,0xf,0xc3,0x45,0x62,0xd4,0xec,0xe3,0xb4,0xc8,0xd0,
  0xe,0x8b,0x8e,0xb4,0x9a,0xd8,0xd3,0xd,0xb9,0xd9,0xdc,0x68,0xb8,0x8d,0x2e,0xba,
  0xab,0xad,0xab,0xed,0xe3,0x72,0x8f,0x48,0x27,0xd8,0xac,0x4,0xc1,0xf,0x40,0x4a,
  0x4d,0x6e,0x52,0x32,0x74,0x40,0x73,0x12,0x9e,0xb2,0x8a,0x36,0x9a,0x59,0x89,0x9,
  0x5c,0x36,0xcd,0x9b,0xa5,0x81,0x1e,0x29,0x43,0xc7,0x59,0x3e,0xd9,0x4e,0xb5,0x5a,
  0xdb,0xf5,0xe1,0xba,0x58,0x8e,0xd3,0x19,0x27,0x43,0xa4,0x55,0x6a,0x12,0x72,0xb6,
  0x66,0x72,0xe8,0xb1,0x6b,0xb1,0xfe,0x90,0xd5,0x56,0x19,0x5b,0x4,0x83,0x6b,0xe0,
  0xcd,0x64,0xc8,0x89,0x61,0x57,0xdf,0x48,0xab,0xb,0xc,0x49,0x8d,0xf5,0xc7,0xa9,
  0xce,0xe6,0xde,0x1e,0xeb,0xcf,0xcb,0x4c,0x86,0xa1,0x65,0x46,0x24,0xf1,0x9f,0x16,
  0x12,0xc,0x87,0xc3,0x4d,0xd8,0xe4,0x6e,0xed,0xd3,0x47,0xf,0x4,0x64,0x92,0x70,
  0x9c,0x76,0x2a,0x96,0x95,0x2e,0x43,0x15,0x11,0xce,0x64,0xe1,0xc2,0x39,0xd6,0xc1,
  0x2a,0x1a,0x95,0xc0,0x59,0x5a,0xa6,0xc9,0x40,0xf1,0x14,0x13,0xbf,0xce,0xc0,0x79,
  0xb2,0x7c,0x82,0xb9,0x45,0x75,0x74,0x74,0x68,0xbc,0x18,0x1e,0x87,0x8c,0x47,0x92,
  0x22,0x19,0x12,0xe,0xc,0x7d,0x93,0x2c,0x88,0x61,0xdd,0x32,0x4e,0x56,0x2,0x34,
  0xe2,0xde,0x49,0xb7,0x41,0xe3,0x90,0x3c,0x64,0xef,0xbc,0xcc,0xc0,0x58,0xe7,0xa6,
  0x1b,0x56,0x41,0xe8,0x5e,0xc1,0xe2,0xf5,0xfc,0x4c,0xcb,0xd,0xd6,0x5b,0x7,0xcc,
  0xcf,0xd,0xe8,0xa8,0x91,0x7f,0x3e,0xcd,0xb1,0x49,0x3e,0xd,0xb9,0xc0,0x3c,0x87,
  0xd5,0xdf,0x5f,0xc7,0x60,0x3,0x23,0xba,0x63,0x23,0x6b,0xbe,0x44,0x27,0x12,0xaa,
  0x6d,0x99,0xcd,0xd9,0xfc,0xf4,0xb8,0x49,0x4a,0xe0,0x63,0x1c,0x8b,0x97,0xd8,0x45,
  0x44,0xb6,0xf5,0xa6,0x3a,0xb0,0x2e,0xb8,0x2c,0x52,0x57,0x43,0x19,0x14,0x6a,0x4b,
  0xe3,0x31,0x32,0x9c,0xc7,0x72,0xa8,0xc3,0xa4,0xe9,0x24,0x73,0x85,0xe1,0x13,0x48,
  0x33,0xc3,0xe9,0x1f,0x24,0x86,0xb9,0xce,0x88,0x28,0x74,0x7d,0x23,0x88,0x89,0x8e,
  0xc6,0x5b,0x8d,0x6e,0xf3,0xa4,0x18,0x4e,0x62,0x20,0x1b,0x94,0x95,0x8f,0xc8,0x61,
  0xf1,0x11,0x71,0x95,0x37,0xa9,0x99,0xcc,0x5c,0xf4,0xb0,0x98,0x8b,0xba,0x30,0x47,
  0x66,0xa3,0xe9,0xb0,0xd8,0x68,0xa,0xc4,0x46,0xf3,0x61,0xb1,0xd1,0x1c,0x88,0x8d,
  0x96,0xaa,0xd8,0xa8,0xcc,0x85,0x8b,0xc7,0x70,0xe1,0xa2,0xf5,0x90,0x84,0xd1,0xd2,
  0x12,0x88,0x8d,0xb6,0x43,0x62,0xa3,0xd9,0xcd,0x8c,0xc9,0x6c,0x9c,0x3c,0x24,0x36,
  0x4e,0xbb,0x59,0x31,0x99,0x8d,0x53,0x87,0xc4,0xc6,0x99,0x60,0x6c,0x44,0xe,0xcb,
  0xb9,0x9e,0x3b,0x7b,0x0,0x4e,0x2d,0x72,0x58,0x2e,0xf7,0xdc,0xb9,0x80,0x21,0x8e,
  0xc0,0xb6,0xad,0xc9,0xf4,0xb3,0xc7,0x99,0xf4,0xe7,0x37,0x56,0xc1,0xf8,0xf3,0x52,
  0x2f,0xdc,0x9f,0xfe,0x4e,0x7d,0x4a,0x15,0xb6,0xef,0x83,0xdc,0x63,0x30,0xb8,0x4c,
  0xc5,0x3e,0xf9,0x44,0x67,0x57,0x64,0x69,0x8e,0x2,0x4b,0x9b,0xc5,0x95,0x59,0x8c,
  0x7,0x73,0xb0,0x98,0x90,0xee,0x14,0xce,0x8,0xb7,0xec,0xdb,0x2,0x49,0x85,0xd6,
  0x7b,0x9d,0x3b,0x83,0x28,0x61,0x67,0xd0,0x14,0x25,0xe5,0xfa,0xb6,0x44,0x9d,0xb8,
  0xa3,0xc1,0xfb,0x81,0x32,0x90,0x88,0x6,0xac,0xbc,0x27,0x28,0x43,0x68,0x29,0xa8,
  0x3a,0x51,0x75,0x4d,0xe8,0x1b,0x34,0xcb,0xd1,0x9d,0x1c,0x73,0x49,0x10,0x65,0xc9,
  0x29,0x2f,0xb8,0x71,0x2d,0xdc,0xdb,0x2c,0x8c,0xd,0x54,0x94,0x44,0x27,0x9d,0x4d,
  0x1c,0x98,0x1c,0xac,0x62,0xf5,0x12,0x86,0xd,0xb2,0x5a,0x89,0x7c,0x17,0x3a,0xd5,
  0xa,0xf3,0xba,0xe3,0x54,0x28,0x12,0x69,0x89,0xc2,0x6f,0xdf,0x1b,0xb2,0xd0,0xe6,
  0x7d,0x49,0xc8,0x64,0x33,0x76,0x85,0xc7,0x1b,0xec,0x8c,0xb5,0xb1,0x93,0x8e,0x5f,
  0x4f,0x8a,0x42,0x96,0x4f,0x7c,0x83,0x67,0x1f,0xb5,0x67,0x38,0x65,0x88,0x7f,0x6a,
  0xb2,0x38,0xe9,0x80,0x10,0x63,0x6a,0xce,0x19,0xe2,0x10,0x40,0x52,0xa4,0xbb,0x6d,
  0x49,0xa7,0x39,0x2d,0xae,0xb0,0x49,0x8b,0xd8,0x6,0xc7,0x49,0xb4,0xbe,0x9f,0xc2,
  0x26,0x1,0xd6,0x57,0xf1,0x49,0xc6,0x5f,0x3b,0x7d,0x21,0xbb,0x4d,0xc1,0xe9,0xe3,
  0xfd,0xc7,0xf,0x67,0xb8,0x2c,0x53,0x46,0x2d,0xcc,0xe6,0xa0,0xf9,0x84,0x3e,0x33,
  0x67,0x9e,0x50,0x1c,0xe1,0x14,0x9b,0x60,0x1a,0x8e,0x55,0xb6,0x4c,0x92,0x58,0x35,
  0x91,0x9a,0xdc,0xa7,0xb7,0x3c,0xbd,0x65,0xe9,0x2d,0x47,0x6f,0x19,0x12,0xe5,0x47,
  0x92,0x1d,0x16,0x1c,0x98,0x5f,0x29,0xbe,0x7b,0x61,0x17,0x5f,0x40,0xd1,0x45,0x8,
  0xb2,0xeb,0xb1,0xa8,0x22,0x32,0x4a,0x95,0x9e,0x46,0x7b,0xe4,0x5e,0xe9,0xe7,0x9c,
  0x21,0x4e,0xb,0x2d,0xab,0x50,0x85,0xc,0xc3,0xe3,0x6e,0xff,0xe6,0xa9,0xb7,0x61,
  0xa6,0xcb,0x6e,0x3,0x1d,0xa9,0x7e,0x1,0xc7,0xa3,0xfe,0xae,0x9f,0x70,0x61,0x6e,
  0x42,0x54,0xbb,0x7e,0x22,0xa6,0x35,0x1c,0x80,0x89,0x9b,0x3d,0x8b,0x5f,0x3,0x37,
  0x96,0x8b,0x4d,0x3b,0x37,0xe3,0x48,0x1a,0xd0,0xea,0xe9,0x6e,0xb5,0xd7,0xd6,0x87,
  0x36,0x68,0x37,0x68,0xe8,0x12,0x22,0x14,0x65,0xed,0x12,0xf8,0xaf,0x20,0xf5,0x24,
  0x23,0xba,0x6c,0xb0,0x50,0xd8,0x74,0x8a,0xe8,0x98,0x6a,0x11,0x52,0x4a,0xb8,0xd9,
  0x40,0x8,0xa2,0x6a,0xbc,0x55,0xd7,0x9d,0x4,0xe1,0x54,0x2,0xcc,0x87,0xdb,0x36,
  0xcf,0x8d,0x3,0x12,0xb3,0x6,0x58,0x9c,0x13,0x24,0xd5,0xfd,0x3b,0xa8,0x63,0xee,
  0x3c,0x91,0x91,0x52,0xa9,0xb8,0xb6,0xe5,0xd4,0xd2,0x7,0x64,0x2d,0xc7,0x9d,0xf8,
  0xa4,0x7,0xee,0xd9,0x25,0xe6,0x3c,0x2f,0x37,0x58,0x96,0xdb,0x34,0xce,0x31,0x82,
  0xf8,0xa0,0x31,0xb8,0xce,0xb9,0x2c,0xf6,0x1e,0x8a,0x88,0x89,0x66,0xf7,0xa3,0x49,
  0xf6,0x84,0xdc,0xa2,0xac,0x25,0x61,0x49,0xa6,0x9,0x22,0xf2,0x4c,0x36,0xf0,0x89,
  0xaa,0xf2,0xcb,0xb2,0x32,0x9a,0xf3,0x6f,0xa7,0x12,0xcc,0x97,0x6a,0xb3,0xd3,0x90,
  0x99,0xb0,0xc9,0xdd,0x31,0x3c,0x8a,0xf4,0x9,0x92,0x21,0x1f,0x80,0x99,0x96,0xfd,
  0x4b,0xf0,0x28,0xec,0xa1,0xd2,0x96,0x14,0xb2,0x33,0xcb,0x72,0x89,0xcf,0x45,0x3a,
  0x8d,0x5c,0x24,0x96,0xb2,0x32,0x7d,0x7,0x6c,0x6f,0x81,0x8d,0x45,0x65,0x70,0x2,
  0xc,0xcd,0x80,0x89,0xb1,0xd2,0xc0,0x90,0xf2,0x70,0x2f,0xbf,0x3f,0xb,0xc6,0xd7,
  0xff,0xda,0x19,0x29,0x3c,0x5c,0xd1,0x43,0xdc,0x8b,0xfc,0xee,0xd3,0xc2,0xd6,0x7e,
  0xe1,0xe5,0x70,0x31,0x37,0x5b,0xc8,0x4d,0x2a,0xcf,0x66,0x4b,0xaf,0x46,0xf2,0xbb,
  0xa3,0x60,0x73,0xd,0xcb,0xcc,0x11,0x63,0x25,0x81,0x63,0xc2,0x9c,0x90,0x6c,0x70,
  0x9c,0x3b,0xaa,0xd2,0x85,0x61,0x13,0x23,0x86,0x8e,0xb9,0xab,0x82,0xf7,0x7a,0x67,
  0x52,0x82,0x2c,0x74,0xd6,0xb6,0xe0,0xca,0xf0,0xa8,0x72,0xff,0xe,0x18,0xff,0xa9,
  0xd8,0x7b,0x1b,0xf2,0x49,0x28,0x16,0x5,0x4e,0xab,0x74,0x25,0xc,0xea,0x71,0xad,
  0x4b,0xe9,0x2e,0x94,0x8b,0xdd,0x57,0x6e,0xb2,0x72,0x3c,0x65,0x17,0x47,0x5a,0x6b,
  0xaf,0x42,0x16,0x28,0x2f,0x46,0xda,0xff,0x66,0xb2,0xf0,0x7a,0xc1,0x28,0xb6,0x10,
  0x25,0x61,0x12,0xba,0x97,0x18,0xcc,0x60,0x1,0xe4,0xe0,0x2c,0x33,0x14,0xf7,0x1e,
  0x80,0xfe,0x17,0xca,0xec,0x5d,0x4d,0x23,0x1c,0xc9,0x6,0x9a,0x3a,0x1a,0xea,0x3c,
  0x9f,0xc9,0xca,0xb8,0x9b,0x90,0x89,0x34,0xf9,0xb5,0x53,0x1f,0xe7,0xfc,0xa4,0x9a,
  0x8a,0x3a,0x6b,0xdb,0x50,0xb8,0xee,0x50,0x86,0x35,0x1f,0x71,0x5b,0xcd,0x45,0xcf,
  0xa5,0xad,0xad,0x3f,0x96,0x17,0x66,0x67,0xb3,0xf0,0x24,0x57,0x5c,0x9f,0x2a,0x2c,
  0x6c,0xc3,0x54,0x3b,0xcb,0xb3,0x48,0x77,0xd3,0x30,0x5f,0x3a,0xee,0x8a,0x82,0xcc,
  0x6d,0xb3,0xd4,0x3b,0x3,0xb6,0x16,0x20,0x8a,0x81,0x73,0x42,0xf2,0xc4,0xda,0xd9,
  0xcc,0xef,0x3e,0xc8,0xef,0x2f,0xe5,0xb7,0x97,0x8b,0x8b,0x3f,0x9b,0x10,0xff,0x5c,
  0xae,0x8c,0xa7,0xfc,0xa,0x3f,0x47,0xab,0xc0,0xdb,0x7e,0x5c,0xdc,0x7d,0x1d,0x1c,
  0xcf,0xe0,0xd3,0x31,0xcd,0x3f,0x97,0xbd,0xe7,0x99,0xdf,0xcf,0x29,0x6f,0x9e,0x6b,
  0x8e,0x69,0x63,0x11,0x6c,0x8d,0x43,0x97,0x67,0xc2,0xf,0x39,0x37,0xd2,0xdf,0xdb,
  0x1b,0xca,0xa5,0x86,0x8b,0xdd,0x28,0xcc,0x7e,0xce,0x32,0x5c,0x82,0x58,0xbe,0xe8,
  0x26,0x19,0x62,0xb9,0x57,0x37,0xc9,0x56,0x42,0xaf,0xc6,0xb0,0x51,0xa0,0x8,0xab,
  0xd,0x4e,0x38,0xb8,0x15,0x65,0x38,0x5b,0x31,0x23,0x8c,0x26,0xe3,0x4,0x15,0xf8,
  0x73,0x9,0x56,0x86,0x56,0xf1,0x39,0xcb,0xb3,0x52,0xca,0xe3,0xd0,0x5b,0xcd,0x10,
  0x8c,0x92,0x47,0x23,0x31,0x1d,0x32,0x60,0x6d,0x27,0x16,0x69,0x56,0x92,0x58,0xb8,
  0xdb,0x86,0x36,0xc3,0xc8,0x67,0x59,0x98,0x4,0xf0,0x71,0x86,0xea,0xa0,0xfe,0x95,
  0x4d,0x77,0x32,0x62,0x3,0x62,0xd5,0xe5,0x68,0x4,0x3d,0xd6,0xf8,0x61,0xd2,0xfe,
  0x76,0xb8,0x48,0xbe,0x48,0xb9,0xc,0x6e,0x3a,0x1a,0x2f,0xcf,0x2c,0x52,0xcd,0xcc,
  0xae,0x64,0x18,0x26,0xe1,0x6b,0x42,0x44,0x9a,0xd1,0x40,0x34,0x3b,0x85,0x44,0xf7,
  0x25,0xe4,0xdc,0x4f,0xab,0x25,0xd6,0xaa,0xa9,0x36,0x5,0xa6,0x7a,0x8d,0xbe,0x59,
  0x23,0xcd,0xe6,0xc0,0x34,0x2f,0xb,0x1c,0x57,0x23,0xd1,0x96,0xea,0xc4,0x7b,0x19,
  0xda,0x73,0xf5,0x44,0x5b,0x3,0x11,0x8d,0xb,0x30,0x43,0x8f,0xcb,0xac,0xc0,0xab,
  0x79,0x19,0xa4,0x9,0x29,0x1b,0xc9,0xbc,0x17,0x6d,0x67,0x73,0xa0,0xa3,0x3c,0x30,
  0xfe,0xd6,0x6f,0x60,0x55,0x43,0x77,0xf5,0x91,0xd5,0x48,0x85,0x6a,0x89,0xaa,0xf6,
  0xe8,0x1e,0x34,0xaf,0x72,0xab,0x2c,0xfb,0x8,0xba,0xe6,0x98,0x16,0x38,0xc6,0xd8,
  0x62,0x9b,0x81,0x1f,0x24,0x12,0x5f,0x5,0x13,0xf7,0xab,0x8b,0xe1,0xd7,0xaa,0xc6,
  0xfc,0xb6,0x6a,0xcc,0xab,0x60,0x6a,0x42,0x79,0x36,0x60,0x46,0x23,0x7,0x52,0xf3,
  0xcf,0xf,0x61,0xd4,0x2,0x4b,0x76,0xc1,0xb5,0xf9,0xa5,0x60,0xf1,0x4d,0xf7,0xc0,
  0xb5,0xd1,0xc,0x1e,0xdf,0xbe,0x66,0xb8,0xab,0xf5,0x8c,0x6c,0x90,0xde,0xb5,0x7a,
  0x46,0x35,0x48,0xef,0xdb,0xba,0x6,0x34,0x41,0xba,0x7a,0x48,0x11,0xc5,0x88,0x29,
  0x6a,0xc3,0xc5,0x6e,0x52,0x69,0x43,0x65,0x4b,0xdd,0x96,0xaa,0xbd,0xb7,0x6c,0x65,
  0x3d,0x4b,0xa4,0xb0,0x87,0x19,0x47,0xbc,0xb0,0x61,0x18,0x6e,0x9e,0xc,0x81,0xc3,
  0x86,0x63,0x50,0xeb,0x3d,0x30,0xf4,0x94,0x5d,0x8a,0xbd,0x8c,0x50,0x76,0x27,0xf6,
  0x22,0xb1,0xe1,0xf2,0xfa,0xef,0x81,0x37,0x70,0xb3,0xfc,0x93,0xf2,0xcb,0x72,0xf1,
  0x79,0x7f,0x31,0x37,0xe7,0x76,0xa1,0xca,0xa8,0x94,0x18,0xd7,0x39,0x51,0xb9,0xa4,
  0x34,0x35,0xd,0x46,0xff,0x50,0x7e,0x9b,0x81,0xbb,0x10,0xe5,0xe5,0xac,0x32,0xb5,
  0xf,0x91,0xd5,0xbb,0xa2,0x70,0x6c,0xb7,0x8e,0xc2,0x93,0x55,0xd0,0x7f,0x5b,0x79,
  0x36,0xb,0x77,0x2f,0xa1,0xe3,0xa1,0xc2,0xd6,0x1c,0x98,0xff,0x15,0x8d,0x34,0x35,
  0x0,0x46,0x7a,0x8d,0x76,0x8c,0xa6,0x3c,0x58,0x28,0x3d,0x9a,0x47,0x60,0x8b,0x4b,
  0x60,0xf0,0xae,0x32,0xb9,0x56,0x9a,0x7c,0x57,0xcc,0xed,0xa1,0x5b,0xa0,0x36,0x27,
  0x2c,0xf0,0x31,0x7c,0x5e,0x78,0x1e,0x29,0x5c,0x2c,0x45,0xf3,0x49,0xe8,0xd0,0x1c,
  0xfb,0x54,0xf4,0xa8,0x37,0x61,0x8,0x77,0x29,0x3b,0xe2,0xa6,0x11,0x48,0x88,0x6c,
  0x57,0x3,0x9,0xd,0x5d,0x8f,0x71,0x73,0x9c,0x36,0xad,0xb6,0xa3,0xbb,0x5c,0x81,
  0xd1,0x2b,0xc5,0x2e,0xe4,0x22,0x35,0x90,0x3b,0x47,0x28,0x4e,0x57,0x20,0x17,0xad,
  0x85,0x1c,0xe1,0xee,0x4a,0x5,0x72,0x4d,0xb5,0x90,0x23,0xdc,0x51,0xa9,0x40,0xae,
  0xb9,0x16,0x72,0x84,0xbb,0x28,0x15,0xc8,0xb5,0xd4,0x42,0x8e,0x70,0xdb,0xa3,0x2,
  0xb9,0xd6,0x5a,0xc8,0x11,0xee,0xb8,0x54,0x4c,0xd3,0xfd,0xb9,0xd2,0xa8,0x87,0x2b,
  0x35,0xdc,0xad,0xf5,0x74,0xce,0xc,0x87,0xdd,0x63,0x19,0xd0,0x96,0x4f,0xdb,0x41,
  0x75,0x67,0xdb,0xe2,0x70,0x91,0x9a,0xf3,0x3c,0x15,0xd8,0x77,0x6a,0x6e,0xd,0x9f,
  0xba,0xb8,0x38,0xcb,0x8,0xf2,0x77,0x51,0xf4,0xd1,0x84,0x3e,0x9a,0xd1,0x47,0xb,
  0xfa,0x68,0x45,0x1f,0x6d,0xe8,0xe3,0x24,0xfa,0x38,0xa5,0xd6,0x9e,0x1b,0xfd,0x79,
  0x34,0x42,0xc,0x45,0x61,0x36,0xdd,0x6d,0x76,0x5e,0xd4,0xdf,0x60,0xbc,0xfd,0x94,
  0x98,0x34,0xd9,0xd7,0x5d,0x66,0xd2,0x19,0xe,0xe6,0x49,0x18,0xaf,0x83,0xb2,0xd,
  0xf4,0x9,0x15,0xf9,0xcc,0x36,0xc6,0x1,0xa9,0x80,0x4b,0xe4,0xb3,0xa8,0x40,0xd4,
  0xaf,0xa,0x44,0x6b,0x56,0x81,0x88,0xfd,0xe,0x53,0x65,0x1d,0x28,0xcd,0xdd,0x81,
  0x61,0xb3,0xf0,0x24,0x7,0x77,0xc,0x85,0x95,0x6d,0x30,0x3d,0xec,0xa6,0x9,0xc5,
  0xdd,0x85,0xe2,0xde,0x5d,0x35,0x2e,0x2e,0x8f,0x43,0x38,0xb0,0xbd,0x55,0x78,0x73,
  0xbf,0x70,0xef,0x77,0xb5,0x69,0x6a,0x1,0xf4,0xf,0xa3,0x6f,0xc5,0xc1,0xe5,0xe2,
  0xe0,0x26,0xe,0xad,0x6b,0x68,0x1b,0x72,0x80,0x1a,0xe1,0x9a,0xb8,0x3b,0x14,0x42,
  0x3d,0x84,0x3a,0x63,0x94,0xd6,0xbf,0xea,0xce,0x30,0x11,0xa8,0x18,0x28,0x52,0x39,
  0x54,0x41,0x77,0x3e,0x4,0x62,0xc4,0x20,0x15,0x80,0x98,0x53,0xef,0x3c,0x88,0x11,
  0x43,0x54,0x0,0x62,0xd1,0x20,0xc4,0x88,0x1,0x2a,0x0,0xb1,0xe6,0x20,0xc4,0x88,
  0xe1,0x29,0x0,0xb1,0xb6,0x43,0x32,0xdf,0x66,0x1f,0xe6,0xdb,0xe4,0xd7,0x7c,0x9b,
  0x6a,0x37,0x5f,0x7b,0x1a,0x55,0xd9,0x7c,0x8b,0xb7,0x47,0x94,0x47,0x4b,0xde,0x86,
  0xb,0x36,0xdf,0x82,0xb1,0x19,0x94,0x8f,0xae,0x3e,0x52,0x76,0x9e,0xa9,0xe6,0xba,
  0xfa,0x4,0xac,0x6e,0xc0,0x26,0xb0,0xb2,0x2,0x9e,0x2e,0xc3,0x2f,0xf9,0x8d,0x27,
  0xca,0xf4,0x24,0x6a,0xe9,0x7f,0x5d,0x5c,0x5f,0x42,0x5f,0x66,0xc6,0xc0,0xc6,0x4f,
  0x8,0x6d,0xf3,0x57,0xe5,0xed,0xd0,0xff,0x8d,0x1d,0x37,0xd7,0xd3,0x8e,0x9b,0xeb,
  0x69,0xc7,0xcd,0xf5,0xb4,0x63,0x8d,0x58,0x53,0x5d,0xec,0xb8,0xb9,0xa,0xa7,0x41,
  0x4c,0x32,0x3,0x10,0x6b,0x9,0x42,0x8c,0x98,0x62,0x6,0x20,0xd6,0x1a,0x84,0x58,
  0x5b,0x8d,0xc4,0x82,0xbb,0x43,0x9f,0xfe,0xb0,0xc5,0xc3,0x1f,0xda,0x8f,0x7f,0xfd,
  0x9d,0xd,0x78,0x1e,0xd,0xd8,0x87,0xf4,0x3a,0x19,0xb0,0x1f,0x36,0x56,0x76,0x8d,
  0x5a,0x4e,0xd3,0xb7,0xc,0xb6,0x16,0xbc,0x1d,0x64,0x7e,0x2b,0x87,0x81,0x91,0x6b,
  0x54,0x1e,0x4f,0x6a,0x3f,0xde,0x4f,0x2a,0x4b,0x58,0xf6,0xa8,0x23,0xa5,0xb5,0x2b,
  0x80,0x1f,0x15,0xa0,0xfc,0x6a,0x81,0xcb,0x3b,0x71,0x96,0xa8,0xd8,0xe2,0x37,0x2a,
  0xb6,0xd4,0x1e,0x15,0xab,0x5d,0x7a,0x30,0xf4,0xb2,0x34,0xf5,0xc8,0x7b,0xe9,0x11,
  0x80,0xb6,0xf4,0x21,0x8,0xaf,0x7d,0xb7,0x1f,0x8e,0xbf,0xbf,0xa5,0x6f,0xa,0xbe,
  0xf4,0xd4,0xc1,0x69,0x42,0x9b,0x9d,0x16,0x51,0x17,0x5a,0xfd,0xea,0x42,0xeb,0xfb,
  0xd8,0xe0,0xe0,0x3b,0x6,0xf8,0xe5,0xea,0xc2,0xd0,0x9a,0xd2,0xdb,0xe7,0xae,0xb,
  0xd3,0x18,0x58,0x3,0x3b,0x1e,0xb2,0xfc,0xb4,0x2b,0x45,0xbd,0xb4,0x42,0x84,0xa,
  0xc1,0xf2,0xc9,0x98,0x51,0xa7,0xc4,0x2f,0xbe,0xd5,0xd1,0x21,0x38,0x5e,0x82,0x24,
  0xaa,0x41,0x9b,0x5f,0x35,0x68,0x7b,0x1f,0x2e,0x41,0x7b,0x83,0x7d,0x7e,0x11,0x6e,
  0x5e,0x5d,0x13,0xe5,0xf9,0x45,0xe4,0x6,0x20,0xc0,0x41,0x3a,0x0,0xdf,0xc9,0x2e,
  0x2a,0xbf,0xa1,0x57,0x39,0xd5,0x20,0x4f,0xd3,0x7,0x9e,0xdf,0x5a,0xc6,0x6f,0x71,
  0xa6,0x47,0x95,0x14,0x86,0x5c,0x9b,0x96,0x53,0xac,0x98,0x78,0xdf,0xb5,0x69,0x47,
  0x91,0xa1,0xae,0xc5,0xe9,0x6b,0xc4,0x82,0x6b,0xc5,0xfa,0x6e,0x20,0x24,0x7c,0xc9,
  0x4a,0x99,0xbd,0xab,0x4c,0xaf,0xa1,0x32,0xb6,0x7a,0x6c,0x53,0x2e,0x63,0x57,0xb8,
  0xa7,0xd5,0x37,0x5e,0x1c,0x7c,0xe5,0x44,0xf6,0x87,0x8d,0xcb,0x1b,0xe6,0xea,0x85,
  0x99,0x69,0x3f,0x17,0xbc,0x26,0xc6,0xb4,0x3b,0x62,0xeb,0x33,0xc5,0x8d,0x57,0xf9,
  0xdd,0x51,0xf5,0x2f,0x60,0x58,0xaf,0x79,0x99,0x7,0xf8,0x70,0xc9,0xab,0x9a,0x32,
  0xe3,0x35,0xbf,0x65,0xc6,0x83,0x29,0x4e,0x43,0x8a,0xdf,0xd6,0x42,0x31,0x58,0x69,
  0x3a,0x83,0xee,0x5,0xfd,0x83,0x4d,0x77,0xd2,0xdc,0x25,0x91,0x91,0x18,0xb9,0x5e,
  0x35,0xea,0x6e,0xfa,0xe6,0xc1,0x90,0xd,0x56,0xaa,0x66,0x45,0x28,0x53,0x26,0x29,
  0xd2,0x28,0xe2,0xa3,0x1b,0xfc,0xb5,0x88,0x3a,0x58,0xd5,0x5a,0xbb,0x11,0xc5,0x24,
  0xd4,0xbb,0x58,0x70,0x99,0xf,0xbb,0x7c,0xed,0x11,0x5e,0xba,0x84,0xac,0x28,0xa7,
  0xde,0x77,0x78,0xb1,0xc7,0xb8,0x5a,0xc2,0x4b,0xb0,0x0,0x63,0x38,0x50,0xec,0xc2,
  0xdd,0x1d,0xa8,0xab,0xb,0xc6,0x7f,0x82,0xa8,0xfa,0x3b,0xba,0x18,0xbf,0xfa,0xfb,
  0x57,0x78,0x4b,0xa5,0xfc,0x67,0x5d,0x19,0x7e,0x58,0xfa,0xe3,0x37,0xdb,0x7d,0x26,
  0x2f,0xcc,0xd2,0xf3,0x69,0xe5,0xe9,0x56,0xf0,0x5b,0xd0,0x18,0xcf,0xef,0x2d,0xe8,
  0xf,0xf7,0xa0,0xaa,0x71,0xd,0xd7,0xe8,0x9b,0x1,0x1c,0x43,0xed,0x1,0x47,0x62,
  0x68,0x11,0xfa,0xa2,0xda,0x2f,0x87,0x6,0x8b,0x3a,0x98,0x6c,0xcd,0x37,0xbf,0x82,
  0x45,0x1c,0x7c,0xe,0x70,0x9a,0x83,0x4a,0x91,0x4d,0xd4,0xe4,0xf7,0x83,0x85,0x1c,
  0x9a,0x15,0xe3,0x22,0xdd,0x25,0xab,0x52,0xae,0xd7,0x15,0x29,0x9d,0x28,0x94,0xb1,
  0x3f,0x92,0x1,0x83,0x8c,0xe9,0x3f,0x62,0x80,0x49,0x9b,0xdc,0xba,0x69,0xeb,0x58,
  0xc7,0xe0,0xe2,0x8,0x71,0xf5,0xda,0xbc,0x68,0x7e,0x32,0xf0,0x5b,0x1f,0x85,0x3b,
  0xb,0xc5,0xf5,0x29,0xb3,0x17,0xf7,0xde,0xee,0x4c,0xc,0x15,0x7,0x57,0x6c,0xfb,
  0x17,0xff,0xaf,0x98,0xa8,0xd8,0xd8,0x99,0x57,0x81,0x6d,0xdc,0xe0,0x5a,0x7a,0x98,
  0xdf,0x1b,0xf6,0x19,0x32,0x31,0x4d,0xed,0xe0,0xf0,0xc3,0xdb,0x28,0xd6,0xa7,0x96,
  0xf0,0xa1,0x1b,0x3b,0xba,0xd7,0x5a,0xaf,0x7b,0xb4,0x5d,0x42,0x9c,0xe6,0x2e,0x30,
  0x7c,0x52,0x4e,0xd5,0x71,0xb7,0x22,0x24,0xea,0xff,0x9e,0x8,0x24,0x5a,0xef,0xd7,
  0x44,0x24,0xa8,0xea,0x1c,0xc7,0xca,0xcc,0x45,0x3a,0x73,0x5,0xca,0xb9,0x8e,0xbb,
  0x14,0x38,0x5b,0x74,0x40,0x7e,0xb8,0x2f,0x6b,0xa8,0x3f,0x2b,0xc6,0xd,0x53,0xc1,
  0xa4,0x8e,0x71,0xc3,0x12,0xb9,0xea,0x15,0x33,0xb4,0xa2,0xda,0xf6,0xb8,0x7d,0x13,
  0x50,0x79,0xb,0x50,0xd8,0x7a,0x1d,0x4,0x9,0x47,0xa7,0x80,0x94,0x34,0xa4,0x6a,
  0x28,0x55,0xb3,0x43,0x41,0xaf,0x2d,0xf6,0xdf,0x6,0xcb,0x5b,0x60,0x69,0xc3,0x84,
  0xf3,0xdf,0x9d,0xf4,0x87,0x23,0xad,0xda,0x22,0x5,0xce,0x81,0x2f,0x8,0x7c,0x52,
  0x4f,0x82,0xeb,0x12,0x2c,0x34,0xb2,0xb4,0x5c,0x23,0xd5,0x60,0xd1,0x42,0xf,0x8b,
  0x7,0x30,0xdd,0x60,0x11,0xc3,0x20,0x5c,0xf3,0x84,0xab,0xdb,0x69,0x1c,0xc4,0x1e,
  0x27,0x60,0xd4,0xd0,0xff,0x5e,0x66,0x9d,0x5e,0xf2,0x2b,0xee,0x4f,0x2b,0x63,0x2f,
  0xd0,0x1f,0xe8,0x32,0xff,0x71,0x2e,0xfc,0xb7,0x1d,0xc,0xa0,0x98,0xc0,0xf3,0xb8,
  0xb4,0x27,0xe9,0x73,0x81,0xad,0xe8,0xc1,0xfa,0xd8,0x6e,0x46,0xb6,0xf4,0x77,0x65,
  0x79,0x15,0xf,0x59,0xa5,0x28,0xa,0xe2,0x17,0x71,0xb5,0x34,0x94,0x68,0x48,0x4b,
  0xc9,0x63,0xb6,0xb1,0xd0,0x63,0x79,0xa1,0x57,0x63,0x86,0x41,0x88,0xe8,0x85,0x5e,
  0x84,0x63,0xc1,0xe8,0x71,0xa3,0xa5,0x31,0xc,0xe9,0xf8,0x25,0x12,0xd7,0x31,0x42,
  0x3e,0x49,0x9c,0x65,0xa5,0x78,0x60,0x2a,0x9,0x13,0x92,0x93,0x90,0xf1,0x1b,0x7e,
  0x87,0xff,0xfe,0x7,0xe6,0xd9,0x44,0xca,
    // E:/QTproject/kylinqt/components/LaserSendArea.qml
  0x0,0x0,0x9,0x4c,
  0x0,
  0x0,0x32,0xd6,0x78,0x9c,0xed,0x5a,0xed,0x6f,0x13,0x47,0x1a,0xff,0x1e,0x29,0xff,
  0xc3,0x6a,0xf9,0x40,0xac,0x52,0xc7,0x76,0x48,0x20,0x96,0xd0,0x29,0xb8,0x45,0x87,
  0x44,0xf,0x1a,0x4e,0xf7,0x5,0xa1,0x6a,0xbd,0x3b,0xb6,0x57,0xac,0x77,0xad,0xdd,
  0x75,0x2e,0x40,0x23,0x85,0xb,0x21,0x24,0x4d,0x62,0xd2,0x86,0xa3,0x82,0x88,0x36,
  0x50,0x20,0xed,0x89,0x24,0x85,0xa8,0xe4,0xcd,0x89,0x74,0x7f,0x8b,0x67,0xed,0x7c,
  0xba,0x7f,0xe1,0x66,0xf6,0xcd,0xb3,0xbb,0xb3,0x8b,0x1d,0x7,0x4,0x6d,0xe7,0x3,
  0x78,0xe7,0xe5,0x79,0x9e,0x79,0xe6,0x37,0xbf,0x67,0xe6,0x99,0x88,0xc5,0x92,0xa2,
  0xea,0xcc,0x97,0xfa,0x97,0x65,0x91,0xbf,0xc6,0xa4,0xe2,0xc9,0x54,0x77,0x97,0xe8,
  0xa9,0x8c,0x67,0x14,0x59,0x57,0x15,0x49,0xa3,0xb7,0x5e,0xe0,0xae,0x2b,0x65,0x5d,
  0x63,0x92,0x64,0xa3,0xce,0x29,0x96,0xc0,0x64,0x3c,0xe1,0x56,0xb2,0xf1,0x5e,0xb6,
  0xbb,0x6b,0x18,0xf0,0x3a,0x27,0xe7,0x25,0xc0,0xdc,0xec,0xee,0x62,0x50,0x11,0x85,
  0x34,0xa3,0x2a,0x8a,0x6e,0x7d,0xfd,0x53,0x14,0xf4,0x42,0x9a,0x49,0xa6,0x12,0x9,
  0xab,0xa2,0x0,0xc4,0x7c,0x41,0x4f,0x33,0xfd,0x3,0x76,0x5,0xaf,0x48,0x8a,0x9a,
  0x66,0x8e,0x1f,0x3,0x83,0xb9,0x44,0x6e,0xf0,0x78,0x77,0x57,0x6f,0x6f,0x6d,0xf3,
  0x9b,0xc6,0xde,0x96,0xf1,0x6a,0xdf,0xea,0x12,0xd0,0x41,0x48,0x2e,0x71,0x2a,0x90,
  0xf5,0xb8,0xf9,0xd5,0x6c,0x74,0xb4,0x24,0x9b,0x55,0xb6,0x1e,0x36,0x2b,0x71,0xfc,
  0x35,0xb6,0x59,0xcf,0xc9,0x7c,0x41,0x51,0xb5,0x78,0x56,0xd1,0x75,0xa5,0xe8,0xa,
  0xb4,0x3e,0x51,0x7b,0x6f,0x2f,0xd3,0xd8,0xd8,0x80,0x4b,0x2b,0xb5,0xcd,0x9d,0xfa,
  0xf,0x3f,0xc3,0xea,0x13,0x9f,0x75,0x63,0xd6,0x7f,0x25,0x55,0x29,0x1,0x55,0xbf,
  0xce,0x8c,0x70,0x2a,0x52,0x56,0x2c,0x72,0xb2,0x70,0x41,0xd4,0x90,0x11,0x57,0xba,
  0xbb,0x9a,0xea,0x58,0xe3,0xc1,0x8f,0x70,0x66,0xa5,0x56,0x5d,0x62,0x4f,0x10,0xb5,
  0x8d,0xa9,0x5f,0x8c,0xa7,0xe3,0x9e,0xaa,0x83,0xc5,0x5b,0x70,0xf5,0xa1,0xa7,0xa,
  0x56,0xfe,0x65,0xdc,0x5f,0x6f,0x3c,0x9d,0x6c,0xac,0x3e,0xf1,0x36,0xac,0x3e,0x6c,
  0x54,0x37,0x8c,0x7b,0x4b,0xf5,0xd,0x6f,0x83,0x65,0x31,0xa5,0x1,0x2e,0xdd,0x9,
  0x69,0x30,0x45,0xd5,0xaa,0x73,0xf5,0xea,0x2a,0x45,0x14,0xa5,0xc1,0x12,0x65,0x37,
  0x58,0xf5,0x57,0x9d,0x29,0xbb,0x5e,0x11,0x65,0x9d,0xe1,0xcb,0x2a,0xf6,0x6d,0xa6,
  0x88,0x20,0x92,0x70,0x7a,0xfc,0x1d,0x8c,0xea,0xe4,0xba,0x62,0xfc,0xe8,0xa2,0x2e,
  0x1,0xdc,0xd0,0xac,0xd6,0xd1,0x17,0x5a,0x3d,0x63,0x7f,0x1c,0x4e,0x4e,0xc3,0xb5,
  0x5d,0xb8,0x7b,0x1f,0xfe,0xb4,0x61,0x2c,0xfe,0x6,0x2b,0xb,0x70,0x76,0x9b,0x58,
  0xd0,0x1c,0xc2,0x77,0xbc,0x24,0x8e,0x2,0xe9,0xb2,0x78,0x3,0xa4,0x99,0xd4,0x49,
  0x5f,0x5b,0x56,0x91,0xb0,0xe,0xb5,0xc,0x82,0xe8,0x38,0x96,0x30,0xb,0x4b,0x2e,
  0x99,0x83,0x10,0x9,0xe4,0x74,0x17,0x1f,0xf8,0x83,0xde,0xe5,0xb,0x4e,0xcd,0x8b,
  0x32,0xc2,0x5e,0x22,0xd8,0xae,0x2b,0x25,0x57,0x2,0xfa,0x4d,0xed,0xe0,0x1f,0x3f,
  0xe6,0xd8,0x82,0x90,0x8,0xdf,0x3c,0xaf,0xed,0xbd,0x80,0xb,0xd5,0xda,0xce,0x4f,
  0x68,0xd6,0x11,0xdb,0x3,0xbb,0xd1,0x46,0xe1,0x90,0xa,0xb8,0xc0,0xbe,0x49,0x9e,
  0x4c,0x4,0xb7,0xcb,0xc9,0x44,0x22,0xe0,0x92,0xe3,0xc7,0x72,0x5c,0xee,0x54,0xee,
  0xd4,0xf1,0x66,0x8b,0xca,0x9,0x62,0x59,0x43,0xdd,0x8f,0xc0,0x4b,0xfd,0x61,0x5e,
  0x72,0x31,0x60,0x6f,0xc5,0x48,0x5f,0xa5,0x12,0xa4,0x29,0x19,0x45,0x2a,0x17,0x65,
  0xd2,0x1b,0xb8,0x68,0x25,0x8e,0x17,0xe5,0x7c,0x9a,0x19,0xf0,0xd6,0x3b,0xe2,0x72,
  0xa2,0x24,0x39,0x86,0xd3,0x7b,0x14,0x4d,0x6d,0x1a,0xa6,0x33,0x6f,0x7,0x3f,0x86,
  0x9d,0x12,0x2,0xda,0xf9,0x17,0xf0,0xee,0x6f,0xf0,0xe5,0x3,0x36,0x38,0xc2,0xf,
  0xde,0xe4,0x40,0x48,0x1f,0x1a,0x88,0x9d,0x12,0x4,0x33,0xd9,0x3a,0xe6,0xfd,0x1c,
  0x6,0x25,0xc0,0xe9,0x40,0xa5,0xd9,0x5f,0x54,0x4,0x20,0x59,0x74,0x1e,0x27,0x28,
  0x8d,0xf4,0xb5,0x53,0x50,0x47,0x90,0x47,0x72,0xd2,0x4c,0xa6,0xac,0xd,0x23,0x80,
  0x28,0x67,0xcb,0x68,0xd9,0x2,0xab,0xe0,0x75,0x8d,0xa9,0xe0,0x33,0x4e,0xe7,0xe8,
  0x9d,0xf8,0x2,0xe0,0xaf,0x1,0x34,0x4f,0x51,0x16,0xc0,0x28,0x73,0xe6,0xcc,0x19,
  0xdb,0x16,0x97,0x48,0xe8,0xe3,0x68,0x5e,0xa4,0xf7,0x44,0x82,0x45,0x9e,0xd3,0x15,
  0x35,0xee,0xec,0x8b,0xd3,0x6f,0xeb,0xe8,0xc6,0x96,0xd3,0x61,0x42,0x79,0xa4,0x1e,
  0x99,0x77,0x5e,0x7,0x28,0x9e,0x84,0x61,0xc3,0xeb,0x8,0x87,0x13,0x3c,0x9c,0xd7,
  0xca,0xb4,0xc2,0xfa,0x46,0x63,0x80,0x2c,0x23,0x88,0x9f,0xd1,0xd4,0xa4,0x21,0x49,
  0xcc,0xcb,0x45,0x64,0x85,0x65,0x73,0xdc,0xfc,0xfe,0x47,0x6,0x55,0x0,0x35,0x7c,
  0x34,0xde,0xcb,0x97,0x38,0x41,0x30,0x77,0x56,0x5f,0x82,0xde,0x71,0x8c,0x5e,0x1d,
  0xe6,0xbf,0xde,0x5e,0x33,0xdc,0x8e,0xd7,0x5f,0xcc,0x19,0x2b,0xcb,0x70,0xb7,0x82,
  0x22,0x2e,0xac,0xfc,0x62,0x2c,0x4d,0xd7,0xa7,0xb7,0x50,0x7c,0xaa,0x3f,0xbc,0xdd,
  0xd8,0xfb,0xe,0x4e,0x3e,0x33,0x96,0xef,0xc0,0xca,0x5a,0x6d,0xe7,0x59,0xad,0xba,
  0x5f,0x5f,0x5c,0xf9,0xdf,0xee,0x6c,0xe3,0xc9,0x7f,0xea,0xcf,0x6f,0xa1,0xdf,0xde,
  0x3e,0xb,0x7,0xe3,0xb7,0xe0,0x9d,0x49,0xb8,0xba,0x5,0xb7,0x17,0x6b,0x9b,0xdb,
  0x70,0x72,0x25,0xc4,0x54,0xa4,0x7b,0xe6,0xc7,0xda,0xe6,0x8c,0x69,0xc1,0x1c,0xbc,
  0x37,0xeb,0x5a,0x80,0xa4,0xc3,0xb5,0x2d,0xdf,0x5e,0xb6,0x45,0x57,0xbe,0x3f,0x98,
  0xaa,0x60,0x95,0xab,0x7b,0x28,0x8,0xd2,0x25,0x2b,0x72,0x46,0x12,0x2d,0x38,0xdf,
  0xf4,0xa1,0x98,0x39,0x63,0x21,0x3c,0xdc,0xcd,0x8c,0x98,0x63,0x7a,0x9a,0xbb,0x20,
  0x11,0x8b,0x82,0x14,0x2e,0x39,0x51,0xd5,0x74,0x8b,0x8,0xe3,0x82,0xa8,0x71,0x59,
  0x9,0x8,0xe7,0x31,0x86,0x81,0x86,0xb4,0x5d,0x49,0x9c,0x48,0x5e,0x75,0x26,0xcc,
  0x1c,0x4c,0x54,0x2d,0xa7,0x45,0x8b,0xd4,0x0,0x2,0xb6,0x10,0x2d,0x33,0x5a,0x82,
  0x5e,0x10,0xd5,0x8e,0x4,0xe4,0x94,0xb2,0xaa,0x17,0x3a,0x91,0x20,0x71,0x1a,0x50,
  0x2f,0x3,0x59,0xc0,0xac,0x13,0x2f,0x7e,0xc5,0x17,0x5,0xe4,0xce,0xd1,0x44,0x8,
  0x1c,0x9c,0x32,0xc6,0x0,0x49,0x3,0xbe,0x55,0x48,0xfe,0xb9,0xa,0x47,0xbc,0xa,
  0xc9,0x43,0xac,0x42,0xaa,0xe3,0x55,0xb0,0xd7,0xa0,0x33,0xbf,0x7f,0xc4,0x5e,0x4f,
  0x1d,0xc2,0xeb,0x7d,0x9d,0x7a,0x3d,0x79,0x24,0x5e,0xff,0xa8,0xd1,0xde,0xf7,0x16,
  0xbf,0x47,0x37,0x53,0x16,0xe5,0x24,0xf3,0xf5,0xd7,0xc4,0x59,0xe9,0xd4,0x9f,0x3b,
  0xa3,0x45,0x9,0x62,0x8e,0xf4,0x62,0xec,0x2d,0x5e,0xc3,0x25,0x6c,0x4d,0x23,0x8e,
  0x64,0xb8,0x8c,0xe1,0x55,0xeb,0x40,0xfc,0x60,0x47,0x90,0x69,0x1f,0x51,0xfd,0x5e,
  0x44,0x9d,0x3e,0xba,0x88,0xd7,0xe1,0xbe,0xef,0xc,0x53,0x1d,0x2,0xaa,0x2d,0x38,
  0xf5,0x77,0x2,0xa7,0x53,0xef,0x16,0x4e,0x43,0xef,0x19,0x4e,0x3,0x5e,0x38,0xd,
  0xfe,0x4e,0xe0,0xd4,0x31,0x41,0xb5,0x83,0xa7,0x81,0x4e,0xf0,0x14,0x72,0xbb,0x75,
  0x4a,0xa7,0x78,0x3a,0x7b,0xd4,0x78,0xf2,0x55,0x11,0x9f,0x63,0x9e,0xec,0xab,0x37,
  0x55,0x86,0x33,0xc8,0x33,0x7,0x13,0x2b,0x76,0xa6,0x65,0x76,0x1b,0xdd,0xdd,0x6a,
  0x9b,0xaf,0x60,0xe5,0xe9,0xc1,0xf8,0xb4,0xf1,0xcd,0xcf,0xe8,0xd3,0x78,0xfd,0x4,
  0x5d,0x26,0xeb,0xf3,0x53,0xf8,0xf7,0xec,0xf4,0xc1,0xb7,0xab,0xf5,0x97,0xd3,0xf6,
  0x60,0x86,0xec,0xcb,0x7c,0xca,0xd4,0x77,0x16,0xd0,0xad,0x13,0xde,0x5d,0x67,0x32,
  0x9f,0x7c,0xe2,0xcc,0x5d,0x15,0x39,0x89,0x41,0x17,0xc2,0xc6,0xaf,0xcb,0x96,0xf2,
  0x4c,0x59,0xcb,0x28,0xc5,0xac,0x72,0x56,0x19,0xf5,0x27,0xe2,0x34,0xb3,0xb7,0xd3,
  0x1a,0xc8,0xc5,0xa5,0x52,0xb4,0x5c,0x5c,0x8a,0x96,0x5d,0xf3,0xa5,0xc6,0x3c,0x39,
  0x44,0x64,0x78,0x44,0x1a,0x91,0x94,0x62,0xe5,0xe8,0x9a,0x62,0x54,0xac,0x32,0x3a,
  0x4f,0xd7,0xe7,0xc9,0xb0,0xd9,0x89,0x21,0xd3,0x15,0x26,0x4,0xb8,0x11,0x4e,0x94,
  0x30,0xac,0x2f,0x29,0xaa,0xae,0x5,0x13,0x97,0xae,0xbb,0xdf,0xea,0xab,0x2c,0x57,
  0x16,0x8e,0xcc,0x53,0x5e,0xc7,0xd3,0x53,0xae,0x96,0x33,0x7c,0x3d,0xf,0xeb,0x91,
  0x2b,0xec,0xe0,0x40,0x22,0xc1,0x9e,0x60,0xd8,0x64,0xb2,0x3f,0x85,0x7e,0x5d,0xa5,
  0xf8,0x62,0xfa,0x3b,0xb8,0x3b,0x6e,0x61,0xcc,0x82,0x9e,0xeb,0x14,0x2b,0x67,0xf6,
  0xd5,0x59,0xa9,0x1c,0x48,0xe6,0x2a,0x25,0x20,0x5b,0xcd,0xc1,0x5c,0x6e,0x98,0x57,
  0x9c,0x3a,0x2b,0xc7,0xd4,0x5c,0x2d,0xfc,0x7e,0x73,0x11,0xc9,0x63,0xfe,0xc2,0xb0,
  0x70,0xf2,0xf5,0xc1,0x83,0x97,0x96,0x35,0x2c,0x83,0xb3,0x95,0x84,0x79,0xd4,0x3c,
  0x78,0x9b,0x9e,0x25,0x17,0xb4,0x55,0xbf,0x3a,0xed,0x64,0xce,0xc4,0xcb,0x4,0x38,
  0xae,0x4,0x27,0x44,0x8d,0x27,0xcd,0x6e,0xbc,0xa4,0x68,0x26,0x42,0x7b,0x62,0x3e,
  0x5e,0xb1,0x82,0x55,0xe4,0x60,0xbc,0x0,0xe6,0x58,0xdf,0xd4,0xed,0x34,0xe,0xde,
  0x48,0x27,0x82,0xe3,0x29,0xa5,0xc4,0xa9,0x1a,0x38,0x2f,0xeb,0x3d,0x1e,0xcf,0x10,
  0x62,0x62,0x7e,0xeb,0x68,0xac,0xe7,0xc2,0xc9,0x4a,0x41,0x19,0xf7,0xd7,0x8d,0xb9,
  0xd5,0xd6,0xe1,0xa4,0x21,0xf2,0xee,0xc,0x4e,0x2c,0xa9,0x98,0xc8,0x2f,0x2,0xd9,
  0xc,0x6f,0x34,0xbc,0x1d,0x1,0x9a,0x9a,0xdb,0xa0,0xfd,0x3d,0x1a,0x8e,0x26,0xe4,
  0x46,0xfc,0x6c,0x27,0x20,0x63,0x51,0x3c,0x66,0x59,0xa7,0x16,0xef,0x85,0xd9,0x49,
  0x6b,0x8a,0x81,0x11,0x66,0x12,0x4f,0xb3,0x83,0x60,0xf,0x1e,0x1b,0xf3,0xf7,0xa9,
  0x3f,0xda,0x30,0xe6,0x9f,0x35,0xd6,0x27,0xea,0x8b,0x2b,0x28,0x56,0x98,0xc9,0x47,
  0x33,0xb4,0x4c,0xcd,0xd6,0x1f,0xde,0xb6,0x93,0x87,0x53,0x55,0xa4,0x0,0xae,0xff,
  0xda,0x58,0x9e,0xc5,0xc1,0x68,0x69,0x1c,0xde,0x9b,0x87,0xab,0x8f,0xeb,0xf3,0xeb,
  0xc6,0xfd,0xbb,0xc6,0xe3,0x25,0xe3,0xfb,0x35,0xf8,0x68,0x1b,0x47,0xa0,0x85,0x15,
  0x63,0xe9,0x7,0x77,0xa0,0x57,0x59,0xd3,0xdb,0xae,0x49,0xde,0x28,0x9d,0x2d,0x8b,
  0x92,0x70,0x4e,0xe5,0x8a,0xa0,0xc7,0xf,0x30,0x74,0x38,0xd2,0x14,0x9,0xc4,0x25,
  0x25,0xdf,0x13,0x78,0xad,0x30,0x27,0xf,0xdf,0xbc,0xb2,0x94,0xb2,0xb1,0x68,0x30,
  0x9a,0xf,0x54,0x6e,0xe6,0xd5,0x46,0x62,0xe0,0x3d,0x6,0x23,0x90,0x38,0xda,0x35,
  0x1b,0xdc,0x47,0x9a,0xfe,0x56,0xb1,0xd2,0xc2,0xeb,0x50,0x68,0x8,0x24,0x1e,0xc8,
  0x5a,0x41,0x93,0x67,0x63,0x78,0xde,0x7b,0x7d,0x67,0xba,0xb4,0xe7,0x86,0x11,0xf6,
  0xc2,0xe2,0x84,0x8c,0x20,0x69,0xdc,0xb4,0x62,0x73,0xf3,0xe9,0xc8,0x5c,0x78,0x14,
  0x55,0xca,0xb2,0x88,0x77,0x5e,0x51,0x63,0x99,0x31,0xa,0xd9,0x10,0xe3,0xfe,0xbd,
  0x55,0xab,0xce,0x35,0x5e,0x7c,0xb,0xb7,0x9f,0x37,0xc7,0xfd,0x77,0x9d,0xf5,0x9f,
  0xa8,0x7c,0x27,0xcf,0xe6,0x33,0xce,0x17,0xd7,0x31,0x15,0x9d,0x13,0x81,0x24,0x50,
  0x9f,0x86,0xae,0xd3,0xd8,0xa2,0xd9,0xea,0xf0,0xc6,0x0,0xa5,0xd5,0x36,0xd2,0x7d,
  0xfc,0x89,0x9b,0x15,0x34,0xee,0xcd,0x2,0xc9,0xf7,0x50,0x14,0xc7,0x53,0x9,0x76,
  0x75,0x49,0x27,0xe2,0xc2,0x10,0x37,0xcf,0xd0,0x17,0xed,0xb3,0x74,0xcc,0x3c,0x4c,
  0x7f,0x4a,0xc9,0x38,0x2a,0xf2,0xe7,0x82,0xa8,0x23,0x14,0x9e,0x13,0x65,0x51,0x2b,
  0x50,0xe8,0xc2,0x29,0xed,0x24,0xe5,0xfd,0x47,0x66,0xf3,0xfb,0x12,0xc2,0xb2,0x82,
  0xd3,0xff,0x7f,0x2b,0x17,0xb3,0x40,0xed,0xc1,0x93,0x8d,0x85,0xcb,0x20,0xf7,0x29,
  0x39,0x22,0x64,0xc8,0x21,0x92,0xd6,0x7e,0x2b,0xb9,0x1b,0x62,0xb1,0xac,0x17,0x86,
  0xcc,0xe7,0xe5,0x56,0xcc,0xec,0xe0,0xc,0xcf,0x10,0x21,0xed,0x75,0xab,0x2c,0x42,
  0xde,0xec,0xda,0xa4,0x11,0x27,0x0,0xb6,0x4b,0x21,0xc4,0x39,0x1b,0xfd,0x23,0xde,
  0x50,0x64,0x1d,0xf1,0x91,0xf9,0x4e,0xe6,0x11,0xeb,0x6f,0xc,0xb,0x69,0x24,0x64,
  0xdb,0x3c,0x1f,0xbd,0x1f,0x12,0xaa,0xed,0xaf,0xd5,0x76,0xd6,0xa9,0x64,0x12,0x4d,
  0x42,0xe6,0x5f,0x97,0xd4,0x36,0x5f,0xc2,0xfd,0x89,0xc3,0x12,0xd2,0xef,0x8c,0x9e,
  0xa2,0x12,0x11,0x1f,0x16,0x3f,0x21,0x4f,0x8f,0x70,0xba,0xa8,0xc8,0x6d,0xec,0xfd,
  0xce,0xf9,0x46,0x3,0x9c,0xca,0x17,0xac,0xfd,0x32,0x64,0x71,0xcf,0xbb,0xa4,0x9d,
  0x28,0x66,0x21,0x72,0x3e,0x1f,0x29,0xb1,0x78,0xc0,0xf6,0x41,0x32,0xb,0xc9,0x10,
  0x87,0x66,0x19,0x93,0x59,0x2c,0x49,0x8d,0xd9,0x9,0xf8,0x68,0xe3,0xf,0xcc,0x2f,
  0x11,0x89,0xca,0xf,0x8b,0x5e,0xc8,0x8d,0xfe,0xb9,0x43,0x35,0xef,0x8b,0x65,0xec,
  0x53,0xcd,0x65,0xd3,0x86,0x61,0x4e,0xce,0xbf,0xd3,0xb3,0x4d,0xe4,0x25,0x88,0xc8,
  0xc,0x7f,0xa4,0x2c,0x43,0x42,0xee,0x83,0x24,0x19,0x8b,0x58,0x22,0x8,0xa2,0x85,
  0x43,0xc,0x9c,0x9b,0x81,0x7b,0xb7,0x89,0x1b,0xd8,0x1f,0x8c,0x57,0xa2,0x5e,0x30,
  0xe8,0xc4,0x42,0x79,0x91,0x79,0xcf,0x7,0x97,0xb6,0xb7,0xf7,0x51,0x1d,0x5f,0x86,
  0xcd,0xbf,0x8f,0x7d,0xd7,0xd7,0xa5,0xb,0x58,0xf7,0x30,0xe0,0x47,0x70,0xfa,0x82,
  0xb0,0xd1,0x5,0x49,0x1f,0x9,0x21,0x7,0x58,0xa7,0x13,0x94,0x64,0x88,0xc9,0x28,
  0xe4,0x35,0xa4,0x5,0x4a,0xe9,0xf,0xe3,0x83,0x76,0x93,0x2a,0xa4,0x41,0x79,0x55,
  0x29,0x97,0xfe,0x6a,0x9a,0x9f,0x4c,0x27,0x9d,0xbf,0xd,0xf6,0xbc,0xf1,0x20,0xfa,
  0xf2,0x25,0x3d,0x6b,0xfb,0xcb,0xb0,0xf2,0xc6,0x6d,0xd5,0xc4,0xbc,0xcc,0x49,0x8c,
  0x9b,0x5,0xd3,0x74,0x15,0x41,0x8e,0xb1,0xf3,0x73,0x6e,0xb7,0xc6,0xfe,0x63,0x63,
  0xfe,0x19,0x7e,0xd4,0x21,0x1f,0x74,0x7c,0xb2,0x32,0x8a,0x2c,0x3,0x1e,0x83,0x49,
  0x73,0x60,0x80,0x6a,0x71,0xd1,0x91,0xf9,0xc0,0x49,0xaa,0x5b,0x83,0x3d,0xed,0xb9,
  0xb2,0x6c,0x8e,0xc3,0xa0,0x57,0x55,0x45,0xbd,0xc8,0x9b,0x9,0x5e,0xa1,0xa7,0xa8,
  0xe5,0x63,0x3e,0x59,0xb8,0x78,0x52,0x70,0xb6,0x31,0x0,0xf,0x4c,0x23,0xd2,0xc1,
  0x63,0x3c,0x23,0xc6,0xc2,0x74,0xd9,0x6,0x23,0x3d,0xad,0x2a,0xe1,0x9d,0x11,0x6c,
  0x8b,0x2a,0x3e,0x13,0x35,0xbe,0x6d,0x2d,0x2,0x31,0x88,0xae,0xc8,0xb3,0xc2,0x6e,
  0xd4,0xec,0xee,0x42,0x3f,0xff,0xf,0x2d,0x2b,0xfa,0xf8,
    // E:/QTproject/kylinqt/components/MyTextField.qml
  0x0,0x0,0x6,0x65,
  0x69,
  0x6d,0x70,0x6f,0x72,0x74,0x20,0x51,0x74,0x51,0x75,0x69,0x63,0x6b,0x20,0x32,0x2e,
  0x31,0x32,0xd,0xa,0x69,0x6d,0x70,0x6f,0x72,0x74,0x20,0x51,0x74,0x51,0x75,0x69,
  0x63,0x6b,0x2e,0x43,0x6f,0x6e,0x74,0x72,0x6f,0x6c,0x73,0x20,0x32,0x2e,0x31,0x32,
  0xd,0xa,0x69,0x6d,0x70,0x6f,0x72,0x74,0x20,0x74,0x61,0x6f,0x51,0x75,0x69,0x63,
  0x6b,0x20,0x31,0x2e,0x30,0xd,0xa,0x69,0x6d,0x70,0x6f,0x72,0x74,0x20,0x51,0x74,
  0x51,0x75,0x69,0x63,0x6b,0x2e,0x4c,0x61,0x79,0x6f,0x75,0x74,0x73,0x20,0x31,0x2e,
  0x31,0x32,0xd,0xa,0x49,0x74,0x65,0x6d,0x20,0x7b,0xd,0xa,0x20,0x20,0x20,0x20,
  0x69,0x64,0x3a,0x20,0x72,0x6f,0x6f,0x74,0xd,0xa,0x20,0x20,0x20,0x20,0x70,0x72,
  0x6f,0x70,0x65,0x72,0x74,0x79,0x20,0x69,0x6e,0x74,0x20,0x6d,0x79,0x77,0x69,0x64,
  0x74,0x68,0xd,0xa,0x20,0x20,0x20,0x20,0x70,0x72,0x6f,0x70,0x65,0x72,0x74,0x79,
  0x20,0x69,0x6e,0x74,0x20,0x6d,0x79,0x68,0x65,0x69,0x67,0x68,0x74,0xd,0xa,0x20,
  0x20,0x20,0x20,0x70,0x72,0x6f,0x70,0x65,0x72,0x74,0x79,0x20,0x69,0x6e,0x74,0x20,
  0x74,0x65,0x78,0x74,0x66,0x69,0x65,0x6c,0x64,0x68,0x65,0x69,0x67,0x68,0x74,0xd,
  0xa,0x20,0x20,0x20,0x20,0x77,0x69,0x64,0x74,0x68,0x3a,0x20,0x6d,0x79,0x77,0x69,
  0x64,0x74,0x68,0xd,0xa,0x20,0x20,0x20,0x20,0x68,0x65,0x69,0x67,0x68,0x74,0x3a,
  0x20,0x6d,0x79,0x68,0x65,0x69,0x67,0x68,0x74,0xd,0xa,0x20,0x20,0x20,0x20,0x2f,
  0x2f,0xe5,0xa2,0x9e,0xe5,0x8a,0xa0,0xe5,0xaf,0xb9,0xe7,0xbc,0x96,0xe8,0xbe,0x91,
  0xe5,0xae,0x8c,0xe6,0x88,0x90,0xe4,0xbf,0xa1,0xe5,0x8f,0xb7,0xe7,0x9a,0x84,0xe6,
  0x94,0xaf,0xe6,0x8c,0x81,0xd,0xa,0x20,0x20,0x20,0x20,0x73,0x69,0x67,0x6e,0x61,
  0x6c,0x20,0x65,0x64,0x69,0x74,0x69,0x6e,0x67,0x46,0x69,0x6e,0x69,0x73,0x68,0x65,
  0x64,0x28,0x29,0xd,0xa,0x20,0x20,0x20,0x20,0x70,0x72,0x6f,0x70,0x65,0x72,0x74,
  0x79,0x20,0x61,0x6c,0x69,0x61,0x73,0x20,0x74,0x69,0x74,0x6c,0x65,0x3a,0x20,0x74,
  0x69,0x74,0x6c,0x65,0x54,0x65,0x78,0x74,0x2e,0x74,0x65,0x78,0x74,0xd,0xa,0x20,
  0x20,0x20,0x20,0x70,0x72,0x6f,0x70,0x65,0x72,0x74,0x79,0x20,0x61,0x6c,0x69,0x61,
  0x73,0x20,0x74,0x65,0x78,0x74,0x3a,0x20,0x74,0x65,0x78,0x74,0x46,0x69,0x65,0x6c,
  0x64,0x2e,0x74,0x65,0x78,0x74,0xd,0xa,0x20,0x20,0x20,0x20,0x70,0x72,0x6f,0x70,
  0x65,0x72,0x74,0x79,0x20,0x61,0x6c,0x69,0x61,0x73,0x20,0x70,0x6c,0x61,0x63,0x65,
  0x68,0x6f,0x6c,0x64,0x65,0x72,0x54,0x65,0x78,0x74,0x3a,0x20,0x74,0x65,0x78,0x74,
  0x46,0x69,0x65,0x6c,0x64,0x2e,0x70,0x6c,0x61,0x63,0x65,0x68,0x6f,0x6c,0x64,0x65,
  0x72,0x54,0x65,0x78,0x74,0xd,0xa,0x20,0x20,0x20,0x20,0x70,0x72,0x6f,0x70,0x65,
  0x72,0x74,0x79,0x20,0x61,0x6c,0x69,0x61,0x73,0x20,0x6c,0x61,0x62,0x65,0x6c,0x74,
  0x65,0x78,0x74,0x3a,0x20,0x6d,0x79,0x6c,0x61,0x62,0x65,0x6c,0x2e,0x74,0x65,0x78,
  0x74,0xd,0xa,0x20,0x20,0x20,0x20,0x54,0x65,0x78,0x74,0x20,0x7b,0xd,0xa,0x20,
  0x20,0x20,0x20,0x20,0x20,0x20,0x20,0x69,0x64,0x3a,0x20,0x74,0x69,0x74,0x6c,0x65,
  0x54,0x65,0x78,0x74,0xd,0xa,0x20,0x20,0x20,0x20,0x20,0x20,0x20,0x20,0x61,0x6e,
  0x63,0x68,0x6f,0x72,0x73,0x2e,0x6c,0x65,0x66,0x74,0x3a,0x20,0x70,0x61,0x72,0x65,
  0x6e,0x74,0x2e,0x6c,0x65,0x66,0x74,0xd,0xa,0x20,0x20,0x20,0x20,0x20,0x20,0x20,
  0x20,0x61,0x6e,0x63,0x68,0x6f,0x72,0x73,0x2e,0x74,0x6f,0x70,0x3a,0x20,0x70,0x61,
  0x72,0x65,0x6e,0x74,0x2e,0x74,0x6f,0x70,0xd,0xa,0x20,0x20,0x20,0x20,0x20,0x20,
  0x20,0x20,0x66,0x6f,0x6e,0x74,0x2e,0x70,0x69,0x78,0x65,0x6c,0x53,0x69,0x7a,0x65,
  0x3a,0x20,0x31,0x34,0xd,0xa,0x20,0x20,0x20,0x20,0x20,0x20,0x20,0x20,0x66,0x6f,
  0x6e,0x74,0x2e,0x62,0x6f,0x6c,0x64,0x3a,0x20,0x74,0x72,0x75,0x65,0xd,0xa,0x20,
  0x20,0x20,0x20,0x20,0x20,0x20,0x20,0x63,0x6f,0x6c,0x6f,0x72,0x3a,0x20,0x22,0x23,
  0x33,0x33,0x33,0x33,0x33,0x33,0x22,0xd,0xa,0x20,0x20,0x20,0x20,0x20,0x20,0x20,
  0x20,0x7d,0xd,0xa,0x20,0x20,0x20,0x52,0x6f,0x77,0x4c,0x61,0x79,0x6f,0x75,0x74,
  0x20,0x7b,0xd,0xa,0x20,0x20,0x20,0x20,0x69,0x64,0x3a,0x20,0x72,0x6f,0x77,0x4c,
  0x61,0x79,0x6f,0x75,0x74,0xd,0xa,0x20,0x20,0x20,0x20,0x77,0x69,0x64,0x74,0x68,
  0x3a,0x20,0x70,0x61,0x72,0x65,0x6e,0x74,0x2e,0x77,0x69,0x64,0x74,0x68,0xd,0xa,
  0x20,0x20,0x20,0x20,0x73,0x70,0x61,0x63,0x69,0x6e,0x67,0x3a,0x20,0x38,0xd,0xa,
  0x20,0x20,0x20,0x20,0x61,0x6e,0x63,0x68,0x6f,0x72,0x73,0x2e,0x74,0x6f,0x70,0x3a,
  0x20,0x74,0x69,0x74,0x6c,0x65,0x54,0x65,0x78,0x74,0x2e,0x62,0x6f,0x74,0x74,0x6f,
  0x6d,0xd,0xa,0x20,0x20,0x20,0x20,0x61,0x6e,0x63,0x68,0x6f,0x72,0x73,0x2e,0x74,
  0x6f,0x70,0x4d,0x61,0x72,0x67,0x69,0x6e,0x3a,0x20,0x32,0xd,0xa,0x20,0x20,0x20,
  0x20,0xd,0xa,0x20,0x20,0x20,0x20,0x43,0x75,0x73,0x54,0x65,0x78,0x74,0x46,0x69,
  0x65,0x6c,0x64,0x20,0x7b,0xd,0xa,0x20,0x20,0x20,0x20,0x20,0x20,0x20,0x20,0x69,
  0x64,0x3a,0x20,0x74,0x65,0x78,0x74,0x46,0x69,0x65,0x6c,0x64,0xd,0xa,0x20,0x20,
  0x20,0x20,0x20,0x20,0x20,0x20,0x2f,0x2f,0x20,0x4c,0x61,0x79,0x6f,0x75,0x74,0x2e,
  0x66,0x69,0x6c,0x6c,0x57,0x69,0x64,0x74,0x68,0x3a,0x20,0x74,0x72,0x75,0x65,0xd,
  0xa,0x20,0x20,0x20,0x20,0x20,0x20,0x20,0x20,0x4c,0x61,0x79,0x6f,0x75,0x74,0x2e,
  0x70,0x72,0x65,0x66,0x65,0x72,0x72,0x65,0x64,0x48,0x65,0x69,0x67,0x68,0x74,0x3a,
  0x20,0x6d,0x79,0x68,0x65,0x69,0x67,0x68,0x74,0x20,0x2d,0x20,0x74,0x69,0x74,0x6c,
  0x65,0x54,0x65,0x78,0x74,0x2e,0x68,0x65,0x69,0x67,0x68,0x74,0x20,0x2d,0x20,0x72,
  0x6f,0x77,0x4c,0x61,0x79,0x6f,0x75,0x74,0x2e,0x73,0x70,0x61,0x63,0x69,0x6e,0x67,
  0xd,0xa,0x20,0x20,0x20,0x20,0x20,0x20,0x20,0x20,0x4c,0x61,0x79,0x6f,0x75,0x74,
  0x2e,0x70,0x72,0x65,0x66,0x65,0x72,0x72,0x65,0x64,0x57,0x69,0x64,0x74,0x68,0x3a,
  0x20,0x6d,0x79,0x77,0x69,0x64,0x74,0x68,0x20,0x2d,0x20,0x6d,0x79,0x6c,0x61,0x62,
  0x65,0x6c,0x2e,0x77,0x69,0x64,0x74,0x68,0x20,0x2d,0x20,0x72,0x6f,0x77,0x4c,0x61,
  0x79,0x6f,0x75,0x74,0x2e,0x73,0x70,0x61,0x63,0x69,0x6e,0x67,0xd,0xa,0x20,0x20,
  0x20,0x20,0x20,0x20,0x20,0x20,0x66,0x6f,0x6e,0x74,0x2e,0x70,0x69,0x78,0x65,0x6c,
  0x53,0x69,0x7a,0x65,0x3a,0x20,0x31,0x36,0xd,0xa,0x20,0x20,0x20,0x20,0x20,0x20,
  0x20,0x20,0x2f,0x2f,0x20,0xe6,0xb0,0xb4,0xe5,0xb9,0xb3,0xe5,0xb1,0x85,0xe4,0xb8,
  0xad,0xd,0xa,0x20,0x20,0x20,0x20,0x20,0x20,0x20,0x20,0x68,0x6f,0x72,0x69,0x7a,
  0x6f,0x6e,0x74,0x61,0x6c,0x41,0x6c,0x69,0x67,0x6e,0x6d,0x65,0x6e,0x74,0x3a,0x20,
  0x54,0x65,0x78,0x74,0x49,0x6e,0x70,0x75,0x74,0x2e,0x41,0x6c,0x69,0x67,0x6e,0x48,
  0x43,0x65,0x6e,0x74,0x65,0x72,0xd,0xa,0x20,0x20,0x20,0x20,0x20,0x20,0x20,0x20,
  0x2f,0x2f,0x20,0xe5,0x9e,0x82,0xe7,0x9b,0xb4,0xe5,0xb1,0x85,0xe4,0xb8,0xad,0xef,
  0xbc,0x9a,0xe8,0xae,0xbe,0xe7,0xbd,0xae,0xe5,0x9e,0x82,0xe7,0x9b,0xb4,0xe5,0xb1,
  0x85,0xe4,0xb8,0xad,0xe5,0xaf,0xb9,0xe9,0xbd,0x90,0xe5,0x92,0x8c,0xe7,0x9b,0xb8,
  0xe5,0x90,0x8c,0xe7,0x9a,0x84,0xe4,0xb8,0x8a,0xe4,0xb8,0x8b,0xe5,0x86,0x85,0xe8,
  0xbe,0xb9,0xe8,0xb7,0x9d,0xd,0xa,0x20,0x20,0x20,0x20,0x20,0x20,0x20,0x20,0x76,
  0x65,0x72,0x74,0x69,0x63,0x61,0x6c,0x41,0x6c,0x69,0x67,0x6e,0x6d,0x65,0x6e,0x74,
  0x3a,0x20,0x54,0x65,0x78,0x74,0x49,0x6e,0x70,0x75,0x74,0x2e,0x41,0x6c,0x69,0x67,
  0x6e,0x56,0x43,0x65,0x6e,0x74,0x65,0x72,0xd,0xa,0x20,0x20,0x20,0x20,0x20,0x20,
  0x20,0x20,0x6f,0x6e,0x45,0x64,0x69,0x74,0x69,0x6e,0x67,0x46,0x69,0x6e,0x69,0x73,
  0x68,0x65,0x64,0x3a,0x20,0x72,0x6f,0x6f,0x74,0x2e,0x65,0x64,0x69,0x74,0x69,0x6e,
  0x67,0x46,0x69,0x6e,0x69,0x73,0x68,0x65,0x64,0x28,0x29,0xd,0xa,0x20,0x20,0x20,
  0x20,0x7d,0xd,0xa,0x20,0x20,0x20,0x20,0x4c,0x61,0x62,0x65,0x6c,0x20,0x7b,0xd,
  0xa,0x20,0x20,0x20,0x20,0x20,0x20,0x20,0x20,0x69,0x64,0x3a,0x20,0x6d,0x79,0x6c,
  0x61,0x62,0x65,0x6c,0xd,0xa,0x20,0x20,0x20,0x20,0x20,0x20,0x20,0x20,0x4c,0x61,
  0x79,0x6f,0x75,0x74,0x2e,0x70,0x72,0x65,0x66,0x65,0x72,0x72,0x65,0x64,0x57,0x69,
  0x64,0x74,0x68,0x3a,0x20,0x31,0x30,0xd,0xa,0x20,0x20,0x20,0x20,0x20,0x20,0x20,
  0x20,0x74,0x65,0x78,0x74,0x3a,0x20,0x6c,0x61,0x62,0x65,0x6c,0x74,0x65,0x78,0x74,
  0xd,0xa,0x20,0x20,0x20,0x20,0x20,0x20,0x20,0x20,0x66,0x6f,0x6e,0x74,0x2e,0x62,
  0x6f,0x6c,0x64,0x3a,0x20,0x74,0x72,0x75,0x65,0xd,0xa,0x20,0x20,0x20,0x20,0x20,
  0x20,0x20,0x20,0x66,0x6f,0x6e,0x74,0x2e,0x70,0x69,0x78,0x65,0x6c,0x53,0x69,0x7a,
  0x65,0x3a,0x20,0x74,0x65,0x78,0x74,0x46,0x69,0x65,0x6c,0x64,0x2e,0x66,0x6f,0x6e,
  0x74,0x2e,0x70,0x69,0x78,0x65,0x6c,0x53,0x69,0x7a,0x65,0xd,0xa,0x20,0x20,0x20,
  0x20,0x20,0x20,0x20,0x20,0x63,0x6f,0x6c,0x6f,0x72,0x3a,0x20,0x27,0x23,0x30,0x36,
  0x30,0x30,0x30,0x30,0x27,0xd,0xa,0x20,0x20,0x20,0x20,0x20,0x20,0x20,0x20,0x4c,
  0x61,0x79,0x6f,0x75,0x74,0x2e,0x61,0x6c,0x69,0x67,0x6e,0x6d,0x65,0x6e,0x74,0x3a,
  0x20,0x51,0x74,0x2e,0x41,0x6c,0x69,0x67,0x6e,0x56,0x43,0x65,0x6e,0x74,0x65,0x72,
  0xd,0xa,0x20,0x20,0x20,0x20,0x7d,0xd,0xa,0xd,0xa,0x20,0x20,0x20,0x7d,0xd,
  0xa,0x7d,0xd,0xa,
    // E:/QTproject/kylinqt/components/TurnTablestatus.qml
  0x0,0x0,0x6,0xd0,
  0x0,
  0x0,0x1e,0x6b,0x78,0x9c,0xdd,0x59,0xdd,0x53,0x13,0x57,0x14,0x7f,0x67,0x86,0xff,
  0x61,0x27,0x3e,0xd8,0x4e,0xc7,0x98,0x44,0xa1,0x98,0x3e,0x9,0x6d,0xd5,0x99,0x3a,
  0xe3,0x47,0xa7,0x7d,0xec,0xac,0xc9,0x2,0x3b,0x6e,0xb2,0x99,0xcd,0x4d,0x1,0x3b,
  0xce,0x24,0xb5,0x80,0xd0,0x40,0x90,0x8a,0xa,0x44,0x20,0x56,0x4,0x29,0x4,0xad,
  0x8,0x21,0x6,0xfd,0x67,0x72,0xef,0x26,0x4f,0xfc,0xb,0x3d,0xbb,0x77,0xbf,0xb3,
  0x49,0x58,0xb5,0x96,0xe9,0x65,0x86,0x64,0xef,0x39,0xe7,0x77,0xcf,0x3d,0xf7,0x7c,
  0xdc,0x9c,0xe5,0x63,0x9,0x51,0x42,0xcc,0x55,0x74,0x35,0xc5,0x47,0x6e,0x32,0x21,
  0x7f,0x30,0xd4,0xd9,0xc1,0xdb,0x26,0xfd,0x7d,0x62,0x1c,0x49,0xa2,0x90,0x74,0xa7,
  0x7e,0xc7,0x8e,0x88,0x29,0x94,0x64,0x82,0x56,0x22,0x62,0x45,0xa,0x18,0xf4,0x7,
  0x8c,0x49,0x9f,0xff,0xb4,0xaf,0xb3,0xa3,0xb3,0xe3,0x1a,0x17,0x41,0x6c,0x7c,0x40,
  0xe0,0x98,0x5f,0x3a,0x3b,0x18,0x18,0x7c,0x34,0xcc,0x48,0xa2,0x88,0xe8,0x53,0x42,
  0x12,0x13,0x9c,0x84,0x46,0x18,0x3e,0x8e,0x98,0xd8,0xc8,0x10,0x1f,0x45,0x83,0x61,
  0xa6,0x3b,0x10,0x70,0x25,0xf,0x72,0xfc,0xc0,0x20,0xa,0x33,0x3d,0x3a,0x5d,0xe3,
  0xd7,0x4,0xe9,0x9c,0xce,0xa4,0xb3,0xd3,0xd9,0x88,0x28,0x88,0x52,0x98,0x39,0x79,
  0x82,0x3b,0xd7,0x1f,0xe8,0x3f,0x77,0xd2,0x5,0x7f,0x40,0x12,0x53,0x89,0x8b,0xaa,
  0x4c,0x30,0xcc,0x4,0xbb,0xdc,0x74,0x48,0x22,0x36,0x72,0x53,0x50,0xad,0xc0,0xc7,
  0xa3,0xdc,0x70,0x98,0xd1,0xb8,0x4e,0x9f,0x66,0xea,0x85,0xdd,0xfa,0x9d,0x75,0xb2,
  0x92,0x3b,0xac,0x2c,0x90,0x95,0xf1,0xfa,0x93,0x47,0xcc,0x17,0xc,0xc9,0x4e,0xd4,
  0x67,0x8b,0xb5,0x42,0x96,0xb2,0x5d,0x13,0x87,0xa8,0xd,0x75,0x73,0xe8,0x26,0x89,
  0x20,0x49,0x90,0xc4,0x21,0x73,0x92,0x8d,0x47,0x6,0x45,0x29,0xe9,0x17,0xb8,0x7e,
  0xd8,0x4c,0x82,0x95,0xb8,0x38,0x52,0x1f,0xdc,0x59,0x2e,0xb3,0xd2,0x0,0x1f,0x7,
  0xb5,0x3,0x8d,0x74,0x89,0x1a,0x44,0xc3,0x90,0x4c,0xa3,0x34,0x30,0xb5,0x42,0x41,
  0x62,0xc2,0xc0,0x80,0xef,0xae,0xc,0x6e,0xf2,0xc9,0x4,0x1b,0xe1,0xe3,0x3,0x61,
  0x26,0x14,0x50,0x1c,0x42,0x9f,0xfe,0x9e,0x1b,0xb6,0x19,0x41,0x19,0x8,0xe6,0xc2,
  0x8c,0xaf,0x76,0xb0,0x89,0x73,0x2f,0xc8,0xf4,0x1a,0xbe,0xbb,0x8b,0xb3,0x65,0x9f,
  0x9d,0xa9,0x1f,0x3c,0xd4,0x9f,0xe0,0x87,0x39,0xe1,0x3a,0x7f,0x8b,0x3,0xd8,0xb3,
  0x2e,0xf4,0x1b,0xa2,0x0,0x46,0x45,0x52,0x8a,0xb3,0x13,0x35,0x37,0xf0,0x9d,0x8,
  0xa8,0xc3,0x1,0x4d,0x8f,0xc6,0xcf,0xa,0xfc,0x40,0x3c,0x6,0xfb,0xc,0x83,0xe3,
  0xfb,0xcf,0x2b,0x4f,0x3f,0xf4,0xc1,0x23,0x27,0x99,0xec,0xb7,0xad,0x7b,0xe9,0x4b,
  0x25,0x7b,0x53,0x8,0x89,0xf1,0x9f,0x7a,0x85,0x14,0xd7,0x64,0x57,0xb8,0x92,0x26,
  0xf9,0x76,0x9b,0x9,0xf6,0xb8,0x6a,0xd4,0xcf,0xb,0xc2,0x8f,0xd4,0xd7,0x1b,0xf7,
  0xa4,0x3b,0x7c,0x77,0xc0,0xa6,0x9e,0x37,0xe5,0x32,0xf9,0x63,0xac,0xdc,0xe2,0x52,
  0x7d,0x71,0xf7,0xb8,0x2a,0xf7,0x74,0xaa,0x7a,0x30,0xf5,0x69,0x95,0x33,0x9c,0xf,
  0xb2,0xce,0x29,0x63,0x30,0x34,0x6e,0xe4,0xc9,0x5d,0x92,0xce,0x90,0x47,0x6f,0xe5,
  0xa7,0x65,0x88,0x9e,0xc3,0xca,0xdd,0xb,0x4a,0x62,0xeb,0x15,0x87,0x19,0x79,0x71,
  0x87,0x4c,0xaf,0xe2,0xa9,0x15,0xf2,0xa6,0x80,0x27,0x9e,0x57,0xf,0xe6,0xe5,0xe7,
  0xe5,0xfa,0xc3,0x9d,0xc3,0xca,0x84,0x9,0x43,0x91,0xd,0x19,0x47,0x9e,0x82,0x4,
  0x88,0x52,0x49,0x95,0x7a,0xdc,0x73,0x95,0x96,0x52,0x21,0x17,0xc0,0x19,0xc6,0x5a,
  0xe6,0xab,0x2e,0x93,0xa,0x26,0xd5,0x19,0xa8,0xa0,0xa1,0xc,0x7d,0x34,0xd9,0x70,
  0xe1,0x2f,0xc3,0x8e,0x78,0xe9,0x57,0x30,0x2e,0xb5,0x66,0xb,0x2c,0xab,0xce,0x36,
  0xb6,0xda,0xf8,0x6,0x2e,0x2e,0x54,0xf7,0x27,0x6a,0x77,0xb2,0x64,0x7e,0x1b,0xe,
  0xd,0x4f,0x2f,0xcb,0x99,0x17,0xb5,0x89,0xbf,0xe9,0xc,0x94,0x92,0xda,0xdb,0x7d,
  0x52,0x18,0x83,0x2f,0x38,0x3f,0x56,0x5b,0x9b,0x85,0x43,0x33,0x21,0x6e,0x40,0x59,
  0x52,0xea,0x57,0x1c,0x8e,0xa8,0xa1,0xe4,0xea,0xc3,0x48,0x7e,0x5c,0x30,0xda,0x13,
  0xed,0xf1,0x31,0xf6,0x1,0x6a,0x58,0x57,0x54,0x74,0xc8,0x6d,0x93,0xfb,0xfb,0xd5,
  0x52,0xb9,0x9e,0xce,0x91,0x47,0xd3,0xb6,0x15,0xd5,0x55,0x45,0x29,0xca,0x49,0x7e,
  0x1d,0x77,0x40,0x62,0x47,0x7c,0xae,0x1c,0x5a,0x9d,0x76,0x64,0x6a,0x89,0x8d,0xf2,
  0xa9,0x24,0x94,0xf3,0x26,0x69,0x15,0xf1,0x48,0xe0,0x8c,0x7a,0x40,0xfd,0xba,0xfa,
  0xae,0x40,0x32,0xdb,0x96,0x55,0xdc,0x42,0xcd,0xdd,0xb4,0xb4,0x26,0xc3,0x7f,0x79,
  0xeb,0x2d,0x6c,0xae,0xfa,0xee,0x31,0xc9,0x66,0xc0,0xcc,0x24,0xf,0xa4,0x3d,0x5c,
  0xc9,0xd9,0xf6,0x27,0xb0,0x37,0x38,0x21,0xc,0x91,0xa,0x1f,0xee,0xa1,0xaf,0xd7,
  0x42,0x45,0x4b,0x6f,0xe1,0xaf,0x4,0xc1,0x15,0x36,0x1a,0x55,0xcb,0xa2,0x72,0x93,
  0xb2,0x81,0x8b,0x9,0x83,0xd6,0xdd,0xc4,0x32,0x8a,0xf7,0x8d,0x8d,0xe2,0xe2,0x3e,
  0x4,0x38,0x5e,0x5e,0x86,0xb,0x47,0xb5,0x34,0x1,0x97,0xc,0x2d,0xf6,0xe7,0x5e,
  0x90,0xa9,0xe2,0x61,0x25,0x4b,0xe6,0x76,0xaa,0x7,0x7f,0xe0,0x97,0xa3,0xd5,0xd2,
  0x16,0x4d,0x8,0x96,0xe4,0x26,0xa,0xa9,0x58,0xdc,0xb9,0x33,0xa3,0x58,0x5b,0xa3,
  0x4a,0x19,0xba,0x1f,0x47,0xd4,0x3a,0x78,0x29,0xae,0x6f,0xdf,0xaa,0x95,0x32,0xe0,
  0x82,0xe3,0xc4,0xb4,0xe1,0x76,0x37,0xd2,0xbe,0x66,0x11,0xab,0x99,0x59,0xb7,0xba,
  0x4f,0x5e,0x9b,0x25,0xf,0x77,0x21,0x98,0xc2,0xbe,0xaf,0x98,0x9f,0x59,0x48,0xbf,
  0x30,0x19,0x18,0xf6,0xd9,0xf2,0x73,0x2b,0x0,0x5c,0xce,0xe1,0xdc,0x5e,0x3b,0xe9,
  0xdb,0x1f,0x53,0xf9,0x46,0xa2,0x32,0xc,0x85,0xc6,0x46,0x21,0x7a,0xe9,0x1,0x85,
  0x7d,0xee,0xbc,0x9a,0xaa,0x4d,0x90,0x54,0x55,0x86,0x78,0x14,0x19,0xfc,0x4c,0x60,
  0x93,0x9c,0xa4,0x2c,0xed,0x8f,0x8e,0xa0,0xeb,0x6a,0x4a,0xfe,0xbc,0x95,0x98,0x32,
  0x22,0x20,0xc3,0x4,0x86,0x3,0x70,0xb7,0x95,0x38,0x94,0x92,0xe2,0x8c,0xaf,0x5a,
  0x29,0x93,0xbc,0xb3,0x76,0x35,0x93,0xb,0x99,0x72,0xb4,0x20,0x93,0x89,0x35,0x70,
  0x39,0x70,0xad,0x23,0x2,0x9c,0xb1,0x2c,0x7c,0x30,0x25,0x1f,0x14,0xbd,0x2,0x9c,
  0x35,0x1,0xea,0xe9,0x65,0x79,0x7a,0xdc,0x2b,0x40,0x97,0x13,0x40,0x5e,0x7f,0x5,
  0xb9,0xe1,0x88,0xd2,0xdd,0xa6,0x34,0xb9,0x37,0x4e,0xee,0x8d,0x79,0x5d,0xfe,0x4b,
  0x27,0x80,0xa7,0xe5,0x7b,0x2c,0xf6,0xcf,0xe4,0x6b,0x7,0xcf,0xbc,0x2e,0x7f,0xce,
  0x4,0xa8,0xed,0x2d,0xd7,0x4a,0x1b,0x64,0xbd,0x0,0x59,0x2f,0xe8,0x15,0xe7,0xbc,
  0x4d,0x11,0xb2,0xf5,0x84,0xa2,0x1d,0x51,0xba,0xd7,0x5d,0x8b,0x90,0x57,0x2d,0xbe,
  0xb5,0x9d,0x25,0x2e,0x3f,0x93,0xa7,0xb7,0x29,0x94,0x47,0xa4,0xa0,0x15,0xe9,0xf9,
  0x4b,0x3c,0xb9,0x8e,0xe7,0xd7,0xc9,0xe4,0x6a,0x6d,0xeb,0xd9,0xd1,0x0,0x42,0x1,
  0x67,0x44,0xd5,0x76,0x47,0xf1,0x5e,0xd1,0x13,0x86,0x25,0x2a,0xc9,0xd6,0x9f,0x78,
  0xe6,0x5e,0x7d,0x7e,0x6,0xa2,0xc4,0x13,0x46,0xc8,0x6a,0x92,0xb1,0xf7,0xc3,0xb0,
  0x4,0xa9,0x92,0x80,0x67,0x97,0xf1,0x4c,0x96,0x6c,0xad,0x7a,0xc2,0xb0,0xc4,0x29,
  0xbe,0xfb,0x18,0xaf,0xfd,0x8e,0xb3,0xf,0x68,0xdd,0xf6,0x4,0x63,0x8d,0x56,0x75,
  0x23,0xf0,0xb,0xa,0x8f,0xbe,0x52,0x14,0x7a,0xb8,0x8b,0xb7,0x2b,0xf5,0xf4,0x11,
  0x43,0x27,0x64,0x89,0x5c,0xb9,0xf2,0x40,0x5e,0xc9,0x28,0x27,0xac,0x16,0x49,0x32,
  0x37,0x5a,0x5f,0xc8,0x7b,0x52,0xcb,0x12,0x46,0xf2,0xd2,0x26,0x64,0x73,0xf9,0xfe,
  0x6b,0xf2,0x3a,0xe3,0x9,0xc3,0x12,0x42,0xb5,0x77,0x4b,0xf2,0x9b,0x2d,0xf,0x18,
  0x51,0xae,0x9f,0x4d,0x9,0xc8,0x72,0x4e,0xf9,0xd,0x79,0x79,0xb5,0x85,0x94,0x4b,
  0xc9,0x6c,0x32,0x7d,0xd4,0xe2,0xaa,0xd6,0x32,0xb8,0x83,0x42,0xd8,0xe1,0x74,0xc5,
  0x59,0x65,0x3d,0xa1,0x68,0x3f,0xf3,0x33,0x39,0x88,0x98,0x36,0x40,0x9f,0xb0,0x5a,
  0x2b,0x17,0xa6,0xff,0xb4,0x5a,0x2b,0x37,0xbc,0x19,0x48,0x62,0x93,0x70,0x8d,0x83,
  0xb,0x78,0xb5,0x3c,0x26,0x17,0xd3,0x64,0x27,0x23,0xe7,0x33,0xf2,0xdc,0x2a,0x4c,
  0xe2,0xe2,0x52,0x7d,0x7e,0x14,0x97,0xef,0x57,0x4b,0xd3,0xd6,0xbb,0x85,0xbc,0x58,
  0x2,0x41,0x79,0xe1,0x37,0x6d,0xf5,0x63,0xef,0x4c,0xd4,0xd4,0x1f,0xea,0x4c,0x14,
  0xe5,0x78,0x3a,0x13,0x7e,0xfa,0xe0,0x98,0x38,0xd3,0xb1,0x77,0x6,0x6a,0xaa,0xf,
  0xce,0x2c,0x2a,0xca,0xfb,0x39,0x83,0xd9,0x62,0x51,0x3e,0xc0,0x72,0x57,0x24,0x11,
  0x7e,0xd8,0xc6,0x2e,0x8b,0x51,0xe3,0x7,0x35,0xcc,0x2a,0x43,0xe9,0x87,0x24,0x4c,
  0xaa,0x8d,0xd6,0xa6,0x25,0xe2,0xc2,0xe5,0xec,0x67,0x38,0x58,0x9a,0x36,0x46,0xdc,
  0xf8,0xda,0x60,0xa9,0xed,0x11,0x4b,0x27,0xc7,0xd6,0x22,0x69,0xe4,0xd5,0xd1,0xce,
  0x98,0x68,0xa6,0x79,0xbe,0x19,0xbe,0x90,0xe2,0x5d,0x4d,0xc3,0x51,0x8a,0x6d,0x5e,
  0x6b,0x4,0x68,0xbb,0x50,0x9f,0x98,0x53,0x6a,0x67,0xd8,0xc2,0xa4,0x77,0xbe,0x42,
  0x5d,0xee,0xea,0xff,0x9f,0x6c,0x1a,0x74,0xb3,0xe9,0x35,0x2e,0x26,0x22,0x2e,0x82,
  0x84,0x98,0xbb,0xd3,0x49,0x2a,0xbd,0xf,0x9,0xd,0x6e,0x67,0xe9,0x38,0xb5,0xb6,
  0x92,0x83,0xb1,0xc9,0xe6,0x2c,0x5c,0xed,0x6c,0xe5,0x64,0x6d,0x63,0x2e,0xf8,0xc7,
  0xdf,0x12,0xe3,0x88,0x15,0x68,0x67,0xdd,0x40,0x76,0x12,0x3e,0xae,0xb1,0x1b,0xac,
  0x7d,0x5d,0x79,0xa1,0xd3,0xf8,0x4a,0x46,0xb7,0xb4,0xfa,0xbe,0xc7,0x3e,0xad,0xb9,
  0xb0,0xf2,0xe,0xab,0xc1,0x81,0xf5,0x61,0x78,0x70,0x8f,0x83,0x10,0x49,0x49,0xca,
  0x2e,0x2f,0xd1,0x77,0x47,0xce,0xb7,0x49,0xee,0x2d,0x97,0x96,0x9b,0x75,0x61,0x76,
  0x69,0x6a,0x5a,0x39,0x54,0xbf,0x50,0xb5,0xb7,0x77,0x68,0x9d,0x3c,0x6e,0xfd,0x55,
  0x2b,0x8f,0xe6,0x10,0x2a,0x92,0xa3,0x4f,0xdb,0xc0,0x66,0x62,0x31,0x76,0x2e,0xda,
  0xc0,0x66,0xe4,0xcd,0xcd,0x6a,0x29,0x5d,0x2d,0x6d,0xd4,0xb,0xaf,0xeb,0x8f,0x9f,
  0x30,0x46,0x1b,0x5a,0x1f,0x97,0x10,0x17,0x73,0xab,0x72,0x8e,0xec,0xe3,0x1c,0xba,
  0x12,0x4a,0xa3,0x5d,0xf7,0x30,0x98,0x6e,0x5b,0x9e,0x6e,0x37,0xd5,0xb2,0x9c,0x7d,
  0xf,0x2d,0x2d,0x25,0xc4,0x83,0xa2,0x5e,0xb5,0x6c,0xb6,0xba,0x2d,0x9b,0xfc,0x4b,
  0xeb,0xab,0x5f,0x3b,0x3b,0xd4,0x26,0xa5,0xf2,0xf7,0xf,0x76,0xe6,0xef,0x19,
    // E:/QTproject/kylinqt/components/Remotectlmode.qml
  0x0,0x0,0x3,0x67,
  0x69,
  0x6d,0x70,0x6f,0x72,0x74,0x20,0x51,0x74,0x51,0x75,0x69,0x63,0x6b,0x20,0x32,0x2e,
  0x31,0x32,0xd,0xa,0x69,0x6d,0x70,0x6f,0x72,0x74,0x20,0x51,0x74,0x51,0x75,0x69,
  0x63,0x6b,0x2e,0x43,0x6f,0x6e,0x74,0x72,0x6f,0x6c,0x73,0x20,0x32,0x2e,0x31,0x32,
  0xd,0xa,0x69,0x6d,0x70,0x6f,0x72,0x74,0x20,0x74,0x61,0x6f,0x51,0x75,0x69,0x63,
  0x6b,0x20,0x31,0x2e,0x30,0xd,0xa,0x69,0x6d,0x70,0x6f,0x72,0x74,0x20,0x22,0x2e,
  0x2f,0x22,0xd,0xa,0x69,0x6d,0x70,0x6f,0x72,0x74,0x20,0x51,0x74,0x51,0x75,0x69,
  0x63,0x6b,0x2e,0x4c,0x61,0x79,0x6f,0x75,0x74,0x73,0x20,0x31,0x2e,0x31,0x32,0xd,
  0xa,0xd,0xa,0x49,0x74,0x65,0x6d,0x20,0x7b,0xd,0xa,0x20,0x20,0x20,0x20,0x69,
  0x64,0x3a,0x20,0x72,0x6f,0x6f,0x74,0xd,0xa,0xd,0xa,0x20,0x20,0x20,0x20,0x43,
  0x6f,0x6c,0x75,0x6d,0x6e,0x4c,0x61,0x79,0x6f,0x75,0x74,0x20,0x7b,0xd,0xa,0x20,
  0x20,0x20,0x20,0x20,0x20,0x20,0x20,0x61,0x6e,0x63,0x68,0x6f,0x72,0x73,0x2e,0x63,
  0x65,0x6e,0x74,0x65,0x72,0x49,0x6e,0x3a,0x20,0x70,0x61,0x72,0x65,0x6e,0x74,0xd,
  0xa,0x20,0x20,0x20,0x20,0x20,0x20,0x20,0x20,0x73,0x70,0x61,0x63,0x69,0x6e,0x67,
  0x3a,0x20,0x31,0x30,0xd,0xa,0xd,0xa,0x20,0x20,0x20,0x20,0x20,0x20,0x20,0x20,
  0x49,0x6e,0x64,0x69,0x63,0x61,0x74,0x6f,0x72,0x20,0x7b,0xd,0xa,0x20,0x20,0x20,
  0x20,0x20,0x20,0x20,0x20,0x20,0x20,0x20,0x20,0x6c,0x61,0x62,0x65,0x6c,0x3a,0x20,
  0x22,0xe6,0x89,0x8b,0xe6,0x9f,0x84,0xe8,0xbf,0x9e,0xe6,0x8e,0xa5,0xe7,0x8a,0xb6,
  0xe6,0x80,0x81,0x22,0xd,0xa,0x20,0x20,0x20,0x20,0x20,0x20,0x20,0x20,0x20,0x20,
  0x20,0x20,0x6e,0x6f,0x72,0x6d,0x61,0x6c,0x3a,0x20,0x66,0x61,0x6c,0x73,0x65,0xd,
  0xa,0x20,0x20,0x20,0x20,0x20,0x20,0x20,0x20,0x20,0x20,0x20,0x20,0x2f,0x2f,0x20,
  0xe8,0xae,0xbe,0xe7,0xbd,0xae,0x6e,0x6f,0x72,0x6d,0x61,0x6c,0xe5,0x8f,0x98,0xe9,
  0x87,0x8f,0xe6,0x9d,0xa5,0xe6,0x98,0xbe,0xe7,0xa4,0xba,0xe6,0x89,0x8b,0xe6,0x9f,
  0x84,0xe6,0x98,0xaf,0xe5,0x90,0xa6,0xe8,0xbf,0x9e,0xe6,0x8e,0xa5,0xd,0xa,0x20,
  0x20,0x20,0x20,0x20,0x20,0x20,0x20,0x7d,0xd,0xa,0xd,0xa,0x20,0x20,0x20,0x20,
  0x20,0x20,0x20,0x20,0x44,0x61,0x74,0x61,0x4c,0x61,0x62,0x65,0x6c,0x20,0x7b,0xd,
  0xa,0x20,0x20,0x20,0x20,0x20,0x20,0x20,0x20,0x20,0x20,0x20,0x20,0x69,0x64,0x3a,
  0x20,0x78,0xd,0xa,0x20,0x20,0x20,0x20,0x20,0x20,0x20,0x20,0x20,0x20,0x20,0x20,
  0x6c,0x61,0x62,0x65,0x6c,0x3a,0x20,0x22,0xe5,0x86,0x85,0xe6,0xa1,0x86,0xe8,0xa7,
  0x92,0xe5,0xba,0xa6,0xe8,0xbe,0x93,0xe5,0x87,0xba,0x3a,0x22,0xd,0xa,0x20,0x20,
  0x20,0x20,0x20,0x20,0x20,0x20,0x20,0x20,0x20,0x20,0x76,0x61,0x6c,0x75,0x65,0x3a,
  0x20,0x22,0xe8,0xbf,0x9c,0xe7,0xa8,0x8b,0xe6,0x8e,0xa7,0xe5,0x88,0xb6,0xe6,0xa8,
  0xa1,0xe5,0xbc,0x8f,0x22,0xd,0xa,0x20,0x20,0x20,0x20,0x20,0x20,0x20,0x20,0x20,
  0x20,0x20,0x20,0x66,0x6f,0x6e,0x74,0x53,0x69,0x7a,0x65,0x3a,0x20,0x32,0x30,0xd,
  0xa,0x20,0x20,0x20,0x20,0x20,0x20,0x20,0x20,0x7d,0xd,0xa,0x20,0x20,0x20,0x20,
  0x20,0x20,0x20,0x20,0x44,0x61,0x74,0x61,0x4c,0x61,0x62,0x65,0x6c,0x20,0x7b,0xd,
  0xa,0x20,0x20,0x20,0x20,0x20,0x20,0x20,0x20,0x20,0x20,0x20,0x20,0x69,0x64,0x3a,
  0x20,0x79,0xd,0xa,0x20,0x20,0x20,0x20,0x20,0x20,0x20,0x20,0x20,0x20,0x20,0x20,
  0x6c,0x61,0x62,0x65,0x6c,0x3a,0x20,0x22,0xe4,0xb8,0xad,0xe8,0xbd,0xb4,0xe8,0xa7,
  0x92,0xe5,0xba,0xa6,0xe8,0xbe,0x93,0xe5,0x87,0xba,0x3a,0x22,0xd,0xa,0x20,0x20,
  0x20,0x20,0x20,0x20,0x20,0x20,0x20,0x20,0x20,0x20,0x76,0x61,0x6c,0x75,0x65,0x3a,
  0x20,0x22,0xe8,0xbf,0x9c,0xe7,0xa8,0x8b,0xe6,0x8e,0xa7,0xe5,0x88,0xb6,0xe6,0xa8,
  0xa1,0xe5,0xbc,0x8f,0x22,0xd,0xa,0x20,0x20,0x20,0x20,0x20,0x20,0x20,0x20,0x20,
  0x20,0x20,0x20,0x66,0x6f,0x6e,0x74,0x53,0x69,0x7a,0x65,0x3a,0x20,0x32,0x30,0xd,
  0xa,0x20,0x20,0x20,0x20,0x20,0x20,0x20,0x20,0x7d,0xd,0xa,0x20,0x20,0x20,0x20,
  0x20,0x20,0x20,0x20,0x44,0x61,0x74,0x61,0x4c,0x61,0x62,0x65,0x6c,0x20,0x7b,0xd,
  0xa,0x20,0x20,0x20,0x20,0x20,0x20,0x20,0x20,0x20,0x20,0x20,0x20,0x69,0x64,0x3a,
  0x20,0x7a,0xd,0xa,0x20,0x20,0x20,0x20,0x20,0x20,0x20,0x20,0x20,0x20,0x20,0x20,
  0x6c,0x61,0x62,0x65,0x6c,0x3a,0x20,0x22,0xe5,0xa4,0x96,0xe6,0xa1,0x86,0xe8,0xa7,
  0x92,0xe5,0xba,0xa6,0xe8,0xbe,0x93,0xe5,0x87,0xba,0x3a,0x22,0xd,0xa,0x20,0x20,
  0x20,0x20,0x20,0x20,0x20,0x20,0x20,0x20,0x20,0x20,0x76,0x61,0x6c,0x75,0x65,0x3a,
  0x20,0x22,0xe8,0xbf,0x9c,0xe7,0xa8,0x8b,0xe6,0x8e,0xa7,0xe5,0x88,0xb6,0xe6,0xa8,
  0xa1,0xe5,0xbc,0x8f,0x22,0xd,0xa,0x20,0x20,0x20,0x20,0x20,0x20,0x20,0x20,0x20,
  0x20,0x20,0x20,0x66,0x6f,0x6e,0x74,0x53,0x69,0x7a,0x65,0x3a,0x20,0x32,0x30,0xd,
  0xa,0x20,0x20,0x20,0x20,0x20,0x20,0x20,0x20,0x7d,0xd,0xa,0x20,0x20,0x20,0x20,
  0x7d,0xd,0xa,0x7d,0xd,0xa,
    // E:/QTproject/kylinqt/components/DataLabel.qml
  0x0,0x0,0x2,0x56,
  0x69,
  0x6d,0x70,0x6f,0x72,0x74,0x20,0x51,0x74,0x51,0x75,0x69,0x63,0x6b,0x20,0x32,0x2e,
  0x31,0x32,0xd,0xa,0x69,0x6d,0x70,0x6f,0x72,0x74,0x20,0x51,0x74,0x51,0x75,0x69,
  0x63,0x6b,0x2e,0x4c,0x61,0x79,0x6f,0x75,0x74,0x73,0x20,0x31,0x2e,0x31,0x32,0xd,
  0xa,0x69,0x6d,0x70,0x6f,0x72,0x74,0x20,0x51,0x74,0x51,0x75,0x69,0x63,0x6b,0x2e,
  0x43,0x6f,0x6e,0x74,0x72,0x6f,0x6c,0x73,0x20,0x32,0x2e,0x31,0x32,0xd,0xa,0x52,
  0x6f,0x77,0x20,0x7b,0xd,0xa,0x20,0x20,0x20,0x20,0x73,0x70,0x61,0x63,0x69,0x6e,
  0x67,0x3a,0x20,0x35,0xd,0xa,0x20,0x20,0x20,0x20,0x70,0x72,0x6f,0x70,0x65,0x72,
  0x74,0x79,0x20,0x73,0x74,0x72,0x69,0x6e,0x67,0x20,0x6c,0x61,0x62,0x65,0x6c,0x3a,
  0x20,0x22,0x22,0xd,0xa,0x20,0x20,0x20,0x20,0x70,0x72,0x6f,0x70,0x65,0x72,0x74,
  0x79,0x20,0x73,0x74,0x72,0x69,0x6e,0x67,0x20,0x76,0x61,0x6c,0x75,0x65,0x3a,0x20,
  0x22,0x22,0xd,0xa,0x20,0x20,0x20,0x20,0x70,0x72,0x6f,0x70,0x65,0x72,0x74,0x79,
  0x20,0x63,0x6f,0x6c,0x6f,0x72,0x20,0x76,0x61,0x6c,0x75,0x65,0x43,0x6f,0x6c,0x6f,
  0x72,0x3a,0x20,0x22,0x23,0x31,0x61,0x37,0x33,0x65,0x38,0x22,0xd,0xa,0x20,0x20,
  0x20,0x20,0x70,0x72,0x6f,0x70,0x65,0x72,0x74,0x79,0x20,0x69,0x6e,0x74,0x20,0x66,
  0x6f,0x6e,0x74,0x53,0x69,0x7a,0x65,0x3a,0x20,0x31,0x38,0xd,0xa,0xd,0xa,0x20,
  0x20,0x20,0x20,0x4c,0x61,0x62,0x65,0x6c,0x20,0x7b,0xd,0xa,0x20,0x20,0x20,0x20,
  0x20,0x20,0x20,0x20,0x74,0x65,0x78,0x74,0x3a,0x20,0x70,0x61,0x72,0x65,0x6e,0x74,
  0x2e,0x6c,0x61,0x62,0x65,0x6c,0xd,0xa,0x20,0x20,0x20,0x20,0x20,0x20,0x20,0x20,
  0x66,0x6f,0x6e,0x74,0x2e,0x70,0x69,0x78,0x65,0x6c,0x53,0x69,0x7a,0x65,0x3a,0x20,
  0x70,0x61,0x72,0x65,0x6e,0x74,0x2e,0x66,0x6f,0x6e,0x74,0x53,0x69,0x7a,0x65,0xd,
  0xa,0x20,0x20,0x20,0x20,0x20,0x20,0x20,0x20,0x4c,0x61,0x79,0x6f,0x75,0x74,0x2e,
  0x70,0x72,0x65,0x66,0x65,0x72,0x72,0x65,0x64,0x57,0x69,0x64,0x74,0x68,0x3a,0x20,
  0x69,0x6d,0x70,0x6c,0x69,0x63,0x69,0x74,0x57,0x69,0x64,0x74,0x68,0x20,0x20,0x20,
  0x2f,0x2f,0x20,0xe8,0x87,0xaa,0xe5,0x8a,0xa8,0xd,0xa,0x20,0x20,0x20,0x20,0x7d,
  0xd,0xa,0x20,0x20,0x20,0x20,0x54,0x65,0x78,0x74,0x20,0x7b,0xd,0xa,0x20,0x20,
  0x20,0x20,0x20,0x20,0x20,0x20,0x74,0x65,0x78,0x74,0x3a,0x20,0x70,0x61,0x72,0x65,
  0x6e,0x74,0x2e,0x76,0x61,0x6c,0x75,0x65,0xd,0xa,0x20,0x20,0x20,0x20,0x20,0x20,
  0x20,0x20,0x66,0x6f,0x6e,0x74,0x2e,0x70,0x69,0x78,0x65,0x6c,0x53,0x69,0x7a,0x65,
  0x3a,0x20,0x70,0x61,0x72,0x65,0x6e,0x74,0x2e,0x66,0x6f,0x6e,0x74,0x53,0x69,0x7a,
  0x65,0xd,0xa,0x20,0x20,0x20,0x20,0x20,0x20,0x20,0x20,0x66,0x6f,0x6e,0x74,0x2e,
  0x62,0x6f,0x6c,0x64,0x3a,0x20,0x74,0x72,0x75,0x65,0xd,0xa,0x20,0x20,0x20,0x20,
  0x20,0x20,0x20,0x20,0x63,0x6f,0x6c,0x6f,0x72,0x3a,0x20,0x70,0x61,0x72,0x65,0x6e,
  0x74,0x2e,0x76,0x61,0x6c,0x75,0x65,0x43,0x6f,0x6c,0x6f,0x72,0xd,0xa,0x20,0x20,
  0x20,0x20,0x20,0x20,0x20,0x20,0x2f,0x2f,0x20,0x4c,0x61,0x79,0x6f,0x75,0x74,0x2e,
  0x70,0x72,0x65,0x66,0x65,0x72,0x72,0x65,0x64,0x57,0x69,0x64,0x74,0x68,0x3a,0x20,
  0x69,0x6d,0x70,0x6c,0x69,0x63,0x69,0x74,0x57,0x69,0x64,0x74,0x68,0x20,0x20,0x20,
  0x2f,0x2f,0x20,0xe8,0x87,0xaa,0xe5,0x8a,0xa8,0xd,0xa,0x20,0x20,0x20,0x20,0x7d,
  0xd,0xa,0x7d,0xd,0xa,
    // E:/QTproject/kylinqt/components/ProgramMode.qml
  0x0,0x0,0x2,0xe4,
  0x0,
  0x0,0xa,0x65,0x78,0x9c,0xe5,0x56,0x5d,0x6b,0x13,0x41,0x14,0x7d,0xf,0xe4,0x3f,
  0xc,0xeb,0x43,0x5b,0x90,0x6d,0x12,0x15,0x64,0xdf,0xda,0x48,0xa9,0x50,0x84,0xb6,
  0x82,0xf,0xa5,0xc8,0x36,0x3b,0x49,0x7,0x67,0x77,0x96,0xd9,0x59,0xfb,0x45,0xc0,
  0x2a,0x96,0x54,0x8d,0xad,0x42,0x5b,0xd0,0x17,0x85,0x82,0xbe,0xd8,0x8a,0xd4,0x7e,
  0x60,0xaa,0x7f,0x26,0x93,0x36,0x4f,0xfd,0xb,0xce,0x38,0xdb,0xee,0x66,0x37,0x5b,
  0x8b,0x8,0x8a,0xe,0x81,0x24,0xf7,0x9e,0x3b,0xf7,0xdc,0xbb,0xf7,0x9e,0x4,0xd9,
  0x2e,0xa1,0xc,0x8c,0xb2,0x51,0x1f,0x95,0xee,0x81,0x82,0x9e,0x2f,0x64,0x33,0xa8,
  0xc3,0xa8,0x17,0x89,0xc3,0x28,0xc1,0x5e,0xa7,0x97,0x99,0x44,0xc5,0xe4,0xf5,0x5c,
  0x22,0x64,0xc4,0x9c,0x23,0x3e,0xf3,0x84,0x4f,0x46,0x64,0x33,0x37,0x19,0xb4,0x17,
  0x4,0xca,0x32,0x28,0x21,0x2c,0x9b,0x71,0x29,0x71,0x21,0x65,0x73,0xe0,0xbe,0x49,
  0x41,0x49,0xdd,0x7f,0xcb,0xb4,0xa1,0x67,0x80,0x89,0x6c,0x6,0x88,0xa3,0x35,0xf7,
  0x97,0x8f,0xf,0x77,0x5a,0xcf,0xdf,0xf1,0xda,0xae,0x76,0x39,0x30,0xf2,0xa5,0xc7,
  0xad,0xb7,0x4b,0x31,0x63,0x73,0xff,0x43,0xd2,0xc8,0x37,0xd7,0x43,0x63,0x36,0x33,
  0x99,0xcd,0x14,0x9,0xf6,0x6d,0x47,0x31,0x5b,0x50,0x28,0xd3,0x29,0x4d,0x13,0xea,
  0xe9,0x65,0x84,0xb1,0x1,0x5c,0x93,0x42,0x87,0x29,0x8f,0xe7,0x9a,0x25,0xe4,0x54,
  0xc,0x90,0xcf,0x29,0xc3,0x18,0x99,0xe9,0x8,0xed,0xa,0x92,0x47,0xa1,0x74,0x13,
  0xa3,0x8a,0x63,0x8b,0xfb,0xc,0xd1,0x14,0x7d,0x40,0x7e,0x1b,0x81,0x65,0x26,0x9b,
  0x71,0x8a,0xec,0xef,0x7,0xbc,0xfe,0xa6,0x79,0x58,0x3f,0x69,0xbc,0xe2,0xdb,0x7,
  0xed,0xc3,0xd5,0xe6,0xfe,0xd3,0xd6,0xfa,0x81,0x22,0xcd,0x57,0xeb,0xbc,0xb6,0x71,
  0xd2,0xa8,0xcd,0x20,0x8b,0x4d,0x8b,0x1c,0x85,0xdc,0x49,0x63,0x39,0x8c,0x96,0x2d,
  0x5,0xb,0xa7,0xe9,0x5c,0xa,0xcb,0x90,0x52,0x68,0xdd,0x51,0xe8,0xeb,0x39,0x50,
  0x8d,0xe6,0xba,0xd,0x67,0x19,0x88,0x50,0x97,0x87,0x9,0x9b,0x1,0xb4,0xe3,0xcf,
  0x7b,0x47,0xf,0xf,0xb4,0x4e,0x5f,0x59,0x3c,0x13,0xdd,0x45,0xb3,0x10,0x8f,0xa3,
  0x79,0x68,0x80,0x42,0xae,0x8b,0x7f,0x8a,0x60,0xcb,0x0,0x8c,0xfa,0xb0,0xd3,0x59,
  0x22,0x98,0x50,0x71,0xf3,0xa5,0xdc,0x8f,0x13,0xbb,0x3a,0x85,0x71,0xfe,0x5a,0x2c,
  0x85,0x78,0x32,0x68,0x5e,0xa4,0x31,0xf1,0x40,0xd8,0x4b,0x59,0x87,0xea,0xe6,0x70,
  0x51,0x18,0x20,0xd,0x63,0xaa,0x17,0xaa,0xf6,0xe8,0x4b,0xed,0x3f,0xaa,0xf6,0xf8,
  0xdb,0x2a,0x7f,0xf2,0xbe,0xb5,0xb1,0xdb,0xde,0xd8,0xf9,0xa7,0x6a,0x4e,0xdd,0x9d,
  0x67,0xcb,0xed,0x97,0x5b,0x6a,0x71,0x2,0x1a,0x72,0xb9,0x3,0x6,0xb2,0x90,0x73,
  0x96,0x28,0x86,0x3c,0xcd,0x77,0xb6,0x48,0x63,0xd0,0x85,0xa6,0x60,0x14,0x6d,0xb6,
  0x4d,0x2c,0x28,0xb4,0x43,0xca,0x9a,0x1e,0x15,0xb2,0x10,0x21,0xfc,0xb0,0x22,0xc2,
  0x8c,0x50,0x43,0xe2,0x4f,0xab,0xab,0x90,0x44,0x3a,0x79,0x1,0x31,0x49,0x1b,0x84,
  0x70,0x18,0xa2,0xec,0x26,0x90,0x63,0xc1,0xd9,0xc9,0x24,0xf4,0x67,0x53,0x71,0x86,
  0x49,0x9b,0xc,0x79,0x82,0xe9,0xe8,0x9,0xa6,0xa3,0x27,0x89,0x48,0x55,0xad,0x4e,
  0x68,0x35,0x5e,0x61,0xd1,0xf7,0x64,0x91,0x43,0x8,0x62,0xab,0x4b,0xa1,0xe2,0xf7,
  0x5,0x39,0xae,0xcf,0xf2,0x49,0x97,0x18,0x18,0x25,0xa4,0x89,0x29,0xec,0xc6,0x67,
  0x18,0xa2,0xca,0xb4,0xe8,0xd9,0xd5,0xb,0x60,0xd3,0xa6,0xbb,0xfa,0x4b,0xd4,0xb,
  0x7f,0x86,0x3a,0x0,0xbf,0x83,0xfc,0x95,0xbf,0xb3,0xef,0x83,0x3e,0x63,0xc4,0xb9,
  0x3b,0x88,0xc5,0x4e,0xc7,0xd8,0xb,0xe6,0xc0,0x83,0x8e,0xa5,0x20,0x5d,0x97,0x2f,
  0xa6,0xa,0xe7,0x4b,0x5d,0x5a,0x1,0x81,0x1e,0xf3,0x95,0x17,0xed,0x7,0x8b,0xad,
  0xb5,0x8f,0xad,0xfa,0x96,0x16,0x1f,0x6e,0xe2,0x14,0xb1,0xf8,0xf3,0x4,0x5,0xa5,
  0x18,0x4b,0xd1,0x44,0x64,0x9b,0x15,0x38,0xe,0x29,0x32,0xb1,0x2e,0x9,0xdf,0x30,
  0x99,0xd9,0x1b,0x35,0x6,0x9f,0x95,0x47,0x9f,0xf2,0x11,0xb6,0x86,0xa8,0xd8,0xf5,
  0xde,0xbe,0xbe,0xc4,0x65,0x42,0xa,0x3c,0x82,0xa1,0x8e,0x49,0xa5,0x57,0xe3,0xaf,
  0xbf,0xf2,0x47,0x2b,0x7c,0xbb,0xc1,0x1b,0x6b,0x7c,0x73,0x47,0x91,0xe3,0x7b,0x9f,
  0x14,0x57,0xad,0x2f,0xb5,0xbb,0x89,0xed,0x4c,0x28,0xb5,0x78,0x93,0xaf,0xef,0xc4,
  0xfb,0xec,0xba,
    // E:/QTproject/kylinqt/components/ImageArea.qml
  0x0,0x0,0x1,0x99,
  0x69,
  0x6d,0x70,0x6f,0x72,0x74,0x20,0x51,0x74,0x51,0x75,0x69,0x63,0x6b,0x20,0x32,0x2e,
  0x31,0x32,0xd,0xa,0x69,0x6d,0x70,0x6f,0x72,0x74,0x20,0x22,0x2e,0x22,0xd,0xa,
  0x49,0x74,0x65,0x6d,0x20,0x7b,0xd,0xa,0x20,0x20,0x20,0x20,0x69,0x64,0x3a,0x20,
  0x72,0x6f,0x6f,0x74,0xd,0xa,0x20,0x20,0x20,0x20,0x77,0x69,0x64,0x74,0x68,0x3a,
  0x20,0x31,0x32,0x30,0x30,0xd,0xa,0x20,0x20,0x20,0x20,0x68,0x65,0x69,0x67,0x68,
  0x74,0x3a,0x20,0x38,0x30,0x30,0xd,0xa,0xd,0xa,0x20,0x20,0x20,0x20,0x49,0x6d,
  0x61,0x67,0x65,0x53,0x65,0x6e,0x64,0x41,0x72,0x65,0x61,0x20,0x7b,0xd,0xa,0x20,
  0x20,0x20,0x20,0x20,0x20,0x20,0x20,0x69,0x64,0x3a,0x20,0x73,0x65,0x6e,0x64,0x41,
  0x72,0x65,0x61,0xd,0xa,0x20,0x20,0x20,0x20,0x20,0x20,0x20,0x20,0x61,0x6e,0x63,
  0x68,0x6f,0x72,0x73,0x2e,0x74,0x6f,0x70,0x3a,0x20,0x70,0x61,0x72,0x65,0x6e,0x74,
  0x2e,0x74,0x6f,0x70,0xd,0xa,0x20,0x20,0x20,0x20,0x20,0x20,0x20,0x20,0x61,0x6e,
  0x63,0x68,0x6f,0x72,0x73,0x2e,0x6c,0x65,0x66,0x74,0x3a,0x20,0x70,0x61,0x72,0x65,
  0x6e,0x74,0x2e,0x6c,0x65,0x66,0x74,0xd,0xa,0x20,0x20,0x20,0x20,0x20,0x20,0x20,
  0x20,0x61,0x6e,0x63,0x68,0x6f,0x72,0x73,0x2e,0x72,0x69,0x67,0x68,0x74,0x3a,0x20,
  0x70,0x61,0x72,0x65,0x6e,0x74,0x2e,0x72,0x69,0x67,0x68,0x74,0xd,0xa,0x20,0x20,
  0x20,0x20,0x7d,0xd,0xa,0xd,0xa,0x20,0x20,0x20,0x20,0x49,0x6d,0x61,0x67,0x65,
  0x52,0x65,0x63,0x76,0x41,0x72,0x65,0x61,0x20,0x7b,0xd,0xa,0x20,0x20,0x20,0x20,
  0x20,0x20,0x20,0x20,0x69,0x64,0x3a,0x20,0x72,0x65,0x63,0x76,0x41,0x72,0x65,0x61,
  0xd,0xa,0x20,0x20,0x20,0x20,0x20,0x20,0x20,0x20,0x61,0x6e,0x63,0x68,0x6f,0x72,
  0x73,0x2e,0x74,0x6f,0x70,0x3a,0x20,0x73,0x65,0x6e,0x64,0x41,0x72,0x65,0x61,0x2e,
  0x62,0x6f,0x74,0x74,0x6f,0x6d,0xd,0xa,0x20,0x20,0x20,0x20,0x20,0x20,0x20,0x20,
  0x61,0x6e,0x63,0x68,0x6f,0x72,0x73,0x2e,0x6c,0x65,0x66,0x74,0x3a,0x20,0x70,0x61,
  0x72,0x65,0x6e,0x74,0x2e,0x6c,0x65,0x66,0x74,0xd,0xa,0x20,0x20,0x20,0x20,0x20,
  0x20,0x20,0x20,0x61,0x6e,0x63,0x68,0x6f,0x72,0x73,0x2e,0x72,0x69,0x67,0x68,0x74,
  0x3a,0x20,0x70,0x61,0x72,0x65,0x6e,0x74,0x2e,0x72,0x69,0x67,0x68,0x74,0xd,0xa,
  0x20,0x20,0x20,0x20,0x7d,0xd,0xa,0x7d,
    // E:/QTproject/kylinqt/components/LaserArea.qml
  0x0,0x0,0x1,0x99,
  0x69,
  0x6d,0x70,0x6f,0x72,0x74,0x20,0x51,0x74,0x51,0x75,0x69,0x63,0x6b,0x20,0x32,0x2e,
  0x31,0x32,0xd,0xa,0x69,0x6d,0x70,0x6f,0x72,0x74,0x20,0x22,0x2e,0x22,0xd,0xa,
  0x49,0x74,0x65,0x6d,0x20,0x7b,0xd,0xa,0x20,0x20,0x20,0x20,0x69,0x64,0x3a,0x20,
  0x72,0x6f,0x6f,0x74,0xd,0xa,0x20,0x20,0x20,0x20,0x77,0x69,0x64,0x74,0x68,0x3a,
  0x20,0x31,0x32,0x30,0x30,0xd,0xa,0x20,0x20,0x20,0x20,0x68,0x65,0x69,0x67,0x68,
  0x74,0x3a,0x20,0x38,0x30,0x30,0xd,0xa,0xd,0xa,0x20,0x20,0x20,0x20,0x4c,0x61,
  0x73,0x65,0x72,0x53,0x65,0x6e,0x64,0x41,0x72,0x65,0x61,0x20,0x7b,0xd,0xa,0x20,
  0x20,0x20,0x20,0x20,0x20,0x20,0x20,0x69,0x64,0x3a,0x20,0x73,0x65,0x6e,0x64,0x41,
  0x72,0x65,0x61,0xd,0xa,0x20,0x20,0x20,0x20,0x20,0x20,0x20,0x20,0x61,0x6e,0x63,
  0x68,0x6f,0x72,0x73,0x2e,0x74,0x6f,0x70,0x3a,0x20,0x70,0x61,0x72,0x65,0x6e,0x74,
  0x2e,0x74,0x6f,0x70,0xd,0xa,0x20,0x20,0x20,0x20,0x20,0x20,0x20,0x20,0x61,0x6e,
  0x63,0x68,0x6f,0x72,0x73,0x2e,0x6c,0x65,0x66,0x74,0x3a,0x20,0x70,0x61,0x72,0x65,
  0x6e,0x74,0x2e,0x6c,0x65,0x66,0x74,0xd,0xa,0x20,0x20,0x20,0x20,0x20,0x20,0x20,
  0x20,0x61,0x6e,0x63,0x68,0x6f,0x72,0x73,0x2e,0x72,0x69,0x67,0x68,0x74,0x3a,0x20,
  0x70,0x61,0x72,0x65,0x6e,0x74,0x2e,0x72,0x69,0x67,0x68,0x74,0xd,0xa,0x20,0x20,
  0x20,0x20,0x7d,0xd,0xa,0xd,0xa,0x20,0x20,0x20,0x20,0x49,0x6d,0x61,0x67,0x65,
  0x52,0x65,0x63,0x76,0x41,0x72,0x65,0x61,0x20,0x7b,0xd,0xa,0x20,0x20,0x20,0x20,
  0x20,0x20,0x20,0x20,0x69,0x64,0x3a,0x20,0x72,0x65,0x63,0x76,0x41,0x72,0x65,0x61,
  0xd,0xa,0x20,0x20,0x20,0x20,0x20,0x20,0x20,0x20,0x61,0x6e,0x63,0x68,0x6f,0x72,
  0x73,0x2e,0x74,0x6f,0x70,0x3a,0x20,0x73,0x65,0x6e,0x64,0x41,0x72,0x65,0x61,0x2e,
  0x62,0x6f,0x74,0x74,0x6f,0x6d,0xd,0xa,0x20,0x20,0x20,0x20,0x20,0x20,0x20,0x20,
  0x61,0x6e,0x63,0x68,0x6f,0x72,0x73,0x2e,0x6c,0x65,0x66,0x74,0x3a,0x20,0x70,0x61,
  0x72,0x65,0x6e,0x74,0x2e,0x6c,0x65,0x66,0x74,0xd,0xa,0x20,0x20,0x20,0x20,0x20,
  0x20,0x20,0x20,0x61,0x6e,0x63,0x68,0x6f,0x72,0x73,0x2e,0x72,0x69,0x67,0x68,0x74,
  0x3a,0x20,0x70,0x61,0x72,0x65,0x6e,0x74,0x2e,0x72,0x69,0x67,0x68,0x74,0xd,0xa,
  0x20,0x20,0x20,0x20,0x7d,0xd,0xa,0x7d,
    // E:/QTproject/kylinqt/components/MySwitch.qml
  0x0,0x0,0x2,0x81,
  0x69,
  0x6d,0x70,0x6f,0x72,0x74,0x20,0x51,0x74,0x51,0x75,0x69,0x63,0x6b,0x20,0x32,0x2e,
  0x31,0x32,0xd,0xa,0x69,0x6d,0x70,0x6f,0x72,0x74,0x20,0x51,0x74,0x51,0x75,0x69,
  0x63,0x6b,0x2e,0x43,0x6f,0x6e,0x74,0x72,0x6f,0x6c,0x73,0x20,0x32,0x2e,0x31,0x32,
  0xd,0xa,0x69,0x6d,0x70,0x6f,0x72,0x74,0x20,0x74,0x61,0x6f,0x51,0x75,0x69,0x63,
  0x6b,0x20,0x31,0x2e,0x30,0xd,0xa,0x69,0x6d,0x70,0x6f,0x72,0x74,0x20,0x51,0x74,
  0x51,0x75,0x69,0x63,0x6b,0x2e,0x4c,0x61,0x79,0x6f,0x75,0x74,0x73,0x20,0x31,0x2e,
  0x31,0x32,0xd,0xa,0x49,0x74,0x65,0x6d,0x20,0x7b,0xd,0xa,0x20,0x20,0x20,0x20,
  0x69,0x64,0x3a,0x20,0x72,0x6f,0x6f,0x74,0xd,0xa,0x20,0x20,0x20,0x20,0x70,0x72,
  0x6f,0x70,0x65,0x72,0x74,0x79,0x20,0x61,0x6c,0x69,0x61,0x73,0x20,0x74,0x69,0x74,
  0x6c,0x65,0x3a,0x20,0x74,0x69,0x74,0x6c,0x65,0x54,0x65,0x78,0x74,0x2e,0x74,0x65,
  0x78,0x74,0xd,0xa,0x20,0x20,0x20,0x20,0x2f,0x2f,0x20,0x70,0x72,0x6f,0x70,0x65,
  0x72,0x74,0x79,0x20,0x61,0x6c,0x69,0x61,0x73,0x20,0x6c,0x61,0x62,0x65,0x6c,0x74,
  0x65,0x78,0x74,0x3a,0x20,0x6d,0x79,0x6c,0x61,0x62,0x65,0x6c,0x2e,0x74,0x65,0x78,
  0x74,0xd,0xa,0x20,0x20,0x20,0x20,0xd,0xa,0x20,0x20,0x20,0x20,0x54,0x65,0x78,
  0x74,0x20,0x7b,0xd,0xa,0x20,0x20,0x20,0x20,0x69,0x64,0x3a,0x20,0x74,0x69,0x74,
  0x6c,0x65,0x54,0x65,0x78,0x74,0xd,0xa,0x20,0x20,0x20,0x20,0x74,0x65,0x78,0x74,
  0x3a,0x20,0x74,0x69,0x74,0x6c,0x65,0x20,0x2b,0x20,0x22,0x3a,0x22,0xd,0xa,0x20,
  0x20,0x20,0x20,0x61,0x6e,0x63,0x68,0x6f,0x72,0x73,0x2e,0x6c,0x65,0x66,0x74,0x3a,
  0x20,0x70,0x61,0x72,0x65,0x6e,0x74,0x2e,0x6c,0x65,0x66,0x74,0xd,0xa,0x20,0x20,
  0x20,0x20,0x61,0x6e,0x63,0x68,0x6f,0x72,0x73,0x2e,0x76,0x65,0x72,0x74,0x69,0x63,
  0x61,0x6c,0x43,0x65,0x6e,0x74,0x65,0x72,0x3a,0x20,0x70,0x61,0x72,0x65,0x6e,0x74,
  0x2e,0x76,0x65,0x72,0x74,0x69,0x63,0x61,0x6c,0x43,0x65,0x6e,0x74,0x65,0x72,0x20,
  0x20,0x20,0x2f,0x2f,0x20,0xe6,0x9b,0xbf,0xe4,0xbb,0xa3,0x20,0x61,0x6e,0x63,0x68,
  0x6f,0x72,0x73,0x2e,0x74,0x6f,0x70,0xd,0xa,0x20,0x20,0x20,0x20,0x66,0x6f,0x6e,
  0x74,0x2e,0x70,0x69,0x78,0x65,0x6c,0x53,0x69,0x7a,0x65,0x3a,0x20,0x31,0x36,0xd,
  0xa,0x20,0x20,0x20,0x20,0x66,0x6f,0x6e,0x74,0x2e,0x62,0x6f,0x6c,0x64,0x3a,0x20,
  0x74,0x72,0x75,0x65,0xd,0xa,0x20,0x20,0x20,0x20,0x63,0x6f,0x6c,0x6f,0x72,0x3a,
  0x20,0x27,0x62,0x6c,0x61,0x63,0x6b,0x27,0xd,0xa,0x20,0x20,0x20,0x20,0x7d,0xd,
  0xa,0x20,0x20,0x20,0x20,0xd,0xa,0x20,0x20,0x20,0x20,0x43,0x75,0x73,0x53,0x77,
  0x69,0x74,0x63,0x68,0x7b,0xd,0xa,0x20,0x20,0x20,0x20,0x20,0x20,0x20,0x20,0x69,
  0x64,0x3a,0x20,0x6d,0x79,0x53,0x77,0x69,0x74,0x63,0x68,0xd,0xa,0x20,0x20,0x20,
  0x20,0x20,0x20,0x20,0x20,0x61,0x6e,0x63,0x68,0x6f,0x72,0x73,0x2e,0x6c,0x65,0x66,
  0x74,0x3a,0x20,0x74,0x69,0x74,0x6c,0x65,0x54,0x65,0x78,0x74,0x2e,0x72,0x69,0x67,
  0x68,0x74,0xd,0xa,0x20,0x20,0x20,0x20,0x20,0x20,0x20,0x20,0x61,0x6e,0x63,0x68,
  0x6f,0x72,0x73,0x2e,0x76,0x65,0x72,0x74,0x69,0x63,0x61,0x6c,0x43,0x65,0x6e,0x74,
  0x65,0x72,0x3a,0x20,0x72,0x6f,0x6f,0x74,0x2e,0x76,0x65,0x72,0x74,0x69,0x63,0x61,
  0x6c,0x43,0x65,0x6e,0x74,0x65,0x72,0xd,0xa,0x20,0x20,0x20,0x20,0x20,0x20,0x20,
  0x20,0x77,0x69,0x64,0x74,0x68,0x3a,0x20,0x36,0x30,0xd,0xa,0x20,0x20,0x20,0x20,
  0x20,0x20,0x20,0x20,0x68,0x65,0x69,0x67,0x68,0x74,0x3a,0x20,0x33,0x30,0xd,0xa,
  0x20,0x20,0x20,0x20,0x7d,0xd,0xa,0x20,0x20,0x20,0x20,0xd,0xa,0x7d,0xd,0xa,
  
    // E:/QTproject/kylinqt/components/Myvideo5.qml
  0x0,0x0,0x5,0x23,
  0x0,
  0x0,0x11,0x48,0x78,0x9c,0xcd,0x57,0x5f,0x4f,0xdc,0x46,0x10,0x7f,0x47,0xe2,0x3b,
  0x6c,0x5d,0x55,0xf2,0xa9,0x95,0x31,0x77,0x7,0x81,0xb3,0x50,0x5,0xa7,0xa2,0x22,
  0x41,0x45,0x80,0x90,0xc7,0xc8,0xf8,0xf6,0xee,0xac,0xee,0x79,0xad,0xf5,0x1a,0x42,
  0xa2,0x48,0x49,0xaa,0x36,0xa9,0x44,0xd3,0x36,0x49,0xa5,0xaa,0xa2,0x25,0x45,0x8d,
  0x52,0x45,0x82,0xb4,0x55,0x45,0x9a,0x90,0xa6,0x1f,0x26,0xf5,0x1,0x6f,0xfd,0x8,
  0x1d,0x7b,0x7d,0xfe,0x77,0x36,0xe1,0xfa,0x50,0xc5,0x20,0x9d,0x77,0x67,0x77,0x76,
  0xe6,0x37,0x33,0xbf,0x1d,0x9b,0x1d,0x9b,0x32,0x8e,0xce,0xf3,0xf3,0xae,0x69,0x7c,
  0x8c,0xca,0xca,0x68,0x79,0x78,0xc8,0x4c,0x4d,0x2a,0x75,0x6a,0x71,0x46,0x89,0x93,
  0x2f,0x9d,0xd7,0x37,0xa9,0xcb,0x1d,0x34,0x9a,0x14,0xae,0x12,0x63,0xd5,0x6c,0x60,
  0xa,0xb3,0x6a,0x34,0xc9,0x75,0x2a,0x4e,0x49,0x4e,0x4a,0xca,0x88,0x34,0x3c,0x34,
  0x3c,0xb4,0x84,0xd,0xae,0x5b,0x2d,0x82,0xd1,0xd5,0xe1,0x21,0x4,0x8f,0xd9,0xa8,
  0x21,0x46,0x29,0x17,0xa3,0xd,0xb3,0xc1,0xdb,0x35,0x74,0x4e,0x55,0x35,0xd4,0xc6,
  0x66,0xab,0xcd,0x6b,0xa8,0x5a,0x51,0x85,0xd0,0xa0,0x84,0xb2,0x1a,0x92,0xde,0xc6,
  0x93,0x4d,0xb5,0x39,0x19,0xe8,0xf3,0xe7,0x6d,0x46,0x6d,0xcc,0xf8,0x26,0x5a,0xa3,
  0x94,0xa0,0x4b,0x6,0xb5,0x2c,0x38,0x5,0x83,0xe2,0xa6,0x4e,0x1c,0xdc,0x5b,0x36,
  0x32,0x82,0xa6,0xa2,0x7,0x9d,0xfc,0x78,0x70,0xf2,0xc9,0xcf,0xdd,0x7,0xb7,0x4e,
  0x76,0xbf,0xed,0x3e,0xf8,0x32,0x21,0x12,0xab,0x97,0xe8,0x86,0x70,0xb9,0x67,0x68,
  0xcf,0x58,0x6e,0x72,0x82,0x67,0x74,0x16,0xcf,0xea,0x96,0xd1,0xa6,0xcc,0x51,0x8,
  0x6e,0x82,0xb9,0xb6,0xce,0xb0,0xc5,0x83,0x81,0x96,0x96,0x2d,0xe8,0xac,0x65,0x5a,
  0x35,0xe4,0x3,0x98,0xdd,0xcb,0x84,0xaf,0xe1,0xe6,0x60,0xa4,0xa5,0x85,0xa7,0xed,
  0xe6,0xd4,0x8e,0xf6,0xc2,0xbb,0x96,0x15,0x46,0x7b,0xd5,0x78,0xaf,0x63,0xeb,0x86,
  0x69,0xb5,0x84,0xc2,0x78,0x7a,0x5,0x5f,0x6,0x97,0x11,0x87,0x1f,0x80,0xda,0x7b,
  0xf2,0xc2,0x7b,0xf1,0x8d,0xf7,0xd3,0xef,0xc7,0x8f,0x3e,0x3b,0xd9,0xfd,0x5a,0xd2,
  0x50,0x13,0xb2,0x44,0xb1,0xcd,0xcb,0x98,0x2c,0x9b,0x57,0x70,0xd,0x95,0xcb,0xe1,
  0xdc,0x1a,0x25,0x3e,0x3a,0xcc,0xc5,0x5a,0x1c,0x29,0x35,0x78,0x60,0x9b,0xc0,0x52,
  0xd1,0x89,0xd9,0xb2,0x3a,0x60,0x66,0xd,0x12,0x4b,0x99,0xf6,0x47,0xab,0x75,0x18,
  0x62,0x86,0xae,0xc5,0x36,0xcc,0x71,0xdc,0x1,0x1b,0xc2,0x3d,0x4d,0x93,0x90,0x8b,
  0x22,0x2f,0x7c,0xed,0xfe,0xc2,0x78,0x29,0x84,0x29,0x19,0xa0,0x94,0x63,0xe3,0x67,
  0x38,0x36,0xbd,0x35,0x91,0x9d,0xbd,0x54,0x1c,0x2d,0xc7,0x99,0xe8,0xbf,0x33,0xbd,
  0x61,0xba,0x4e,0xa0,0xbc,0x7,0xf0,0x3a,0x24,0x9f,0x69,0xe8,0x44,0x68,0x8c,0x2,
  0x91,0x9e,0x4e,0x1f,0x94,0x48,0xe7,0x75,0xbf,0x80,0x16,0x89,0xbe,0x89,0x99,0x62,
  0xc3,0xf,0x98,0x8e,0xde,0x7,0xe8,0xaa,0xf5,0xe9,0xd9,0x31,0x55,0x42,0x35,0x24,
  0xc7,0x29,0x1d,0x48,0x66,0x67,0x27,0x27,0xd4,0x40,0x2,0xef,0xd5,0x6a,0xa5,0x32,
  0x2e,0x95,0x92,0xf0,0x25,0xc2,0x38,0x90,0x89,0xfd,0xc1,0x1d,0x1d,0x4f,0xc4,0xb2,
  0x12,0x3c,0x52,0xbf,0x23,0x22,0x57,0xa,0xfc,0xe8,0xde,0xdd,0xeb,0xde,0x7f,0xf9,
  0xf7,0x1f,0x7b,0x39,0x9e,0x78,0x4f,0x7f,0xf3,0x7e,0xf9,0xf5,0xe8,0xf0,0x71,0xe0,
  0x4b,0x77,0xfb,0xf1,0xf1,0x5f,0x3f,0x74,0xef,0x3c,0x4c,0x7b,0x13,0xbe,0x5e,0xcb,
  0x2f,0x63,0x91,0x97,0xde,0xd6,0x73,0x6f,0x67,0xa7,0xbf,0x86,0xb3,0x64,0xd3,0xab,
  0xe1,0xc0,0xd6,0x19,0xca,0x1a,0xf8,0x8c,0x65,0xfc,0x7f,0xd6,0x71,0x8f,0x60,0xa0,
  0xa2,0x38,0xa7,0x1d,0x2d,0xaf,0x90,0x27,0xe2,0xbd,0xbd,0xe4,0xac,0xa8,0x89,0xe2,
  0x8e,0x82,0x56,0x56,0xfd,0x3f,0x28,0xc0,0xb5,0xc0,0x5b,0x25,0x12,0x8c,0xa9,0xfe,
  0x5f,0x2c,0x8,0xd3,0x3d,0x91,0xe1,0x13,0x19,0xe0,0x23,0xb2,0xcf,0x3,0x53,0x4,
  0xbe,0x8,0xcc,0x4,0xde,0x11,0xa2,0xf9,0x98,0x16,0x43,0x9a,0xd4,0x11,0xe2,0x8a,
  0xf2,0x91,0x2d,0x2,0x36,0xa9,0x21,0x62,0xc9,0x5c,0x9e,0xcc,0xd1,0x20,0x82,0x91,
  0x56,0x92,0xd,0x90,0x18,0x67,0x94,0x44,0xf8,0x65,0x4a,0xd2,0x8,0x6a,0x6e,0xce,
  0x4a,0xa9,0xd4,0xc2,0x62,0x4a,0xd7,0x49,0x50,0x1e,0xc7,0x4f,0x9e,0x1e,0xef,0xbf,
  0x3c,0xfa,0x73,0x5f,0xa4,0x7c,0xf7,0xf9,0x57,0xde,0xb3,0x83,0xa3,0x9b,0xcf,0xbc,
  0x5b,0x87,0xaf,0xae,0x6f,0x89,0xca,0x79,0x75,0xfd,0x8b,0x1c,0x8a,0x4e,0x55,0xf1,
  0x44,0xf0,0x48,0x45,0xf5,0xd4,0xbd,0xf3,0xc8,0xbb,0x7d,0xd0,0xdd,0xfa,0xfc,0xe4,
  0xee,0xfe,0x40,0xd7,0xa2,0x21,0xba,0x7,0x90,0xbf,0x79,0x15,0x75,0x5a,0xcc,0x6,
  0xbb,0x1d,0xeb,0xae,0x33,0xe3,0x82,0x2,0xeb,0xd2,0xc,0x71,0x71,0xf6,0xe6,0x39,
  0x9d,0x8,0xbf,0xbb,0xe9,0xdd,0xd8,0x16,0x4c,0x17,0x70,0x62,0x86,0x49,0xf3,0x6f,
  0xbb,0x44,0x1b,0xa4,0xa6,0xd7,0x53,0xab,0x4e,0xa0,0xcb,0xf2,0xdb,0x9c,0xab,0xfd,
  0x9c,0x6c,0x36,0x91,0xfc,0x56,0x9c,0x45,0x25,0x14,0xbe,0xae,0xd0,0xb,0x8c,0xc8,
  0x2e,0x23,0x73,0x96,0xd,0xa7,0xf9,0x16,0x2b,0x9c,0x99,0x1d,0xb9,0x54,0xca,0x57,
  0x92,0xe3,0x4d,0x29,0xed,0xa2,0xee,0x3a,0x58,0xce,0xd9,0x8d,0xa1,0xf7,0xea,0x3,
  0x23,0xbb,0xb0,0x9f,0xe8,0xf3,0x60,0x8e,0xda,0x91,0x1b,0xdb,0xdd,0xbd,0xdd,0xb8,
  0x9d,0xf8,0x2f,0x60,0x25,0x2d,0x72,0x20,0xfa,0x72,0xea,0xb6,0x49,0xb7,0x3f,0xff,
  0xec,0xdc,0xbf,0x9d,0x57,0x50,0x13,0x3,0x36,0x34,0xe0,0xcf,0x32,0x81,0x73,0x19,
  0xa8,0xe,0x28,0x93,0x12,0xb7,0x83,0xc5,0x54,0xa4,0xca,0x66,0xb8,0x89,0x19,0xc3,
  0x8d,0x8b,0xbd,0xce,0x3,0x9a,0x60,0xa7,0x4d,0x37,0x3e,0x72,0x3b,0x6b,0xfe,0xa5,
  0x2d,0x5c,0x6c,0x32,0x9f,0x86,0x40,0xc4,0x29,0x70,0x8c,0x9a,0x71,0x74,0x5d,0x7,
  0xc0,0xd2,0x4e,0x8a,0xc3,0x34,0xc0,0x60,0x81,0xae,0xf7,0x21,0x80,0xf9,0x6a,0x20,
  0x97,0x83,0x9d,0xa5,0x8c,0xd5,0xf3,0xfa,0x1a,0x26,0x11,0x1e,0xb,0x3a,0x6f,0x2b,
  0x8c,0xba,0x56,0x43,0xee,0x3f,0x0,0x8d,0xa0,0x72,0x9,0xbd,0x8b,0xa4,0x77,0xf2,
  0x10,0xab,0x16,0xba,0x59,0x1d,0x83,0xb0,0x51,0x66,0x5e,0x81,0x2d,0x3a,0x99,0x8e,
  0xf1,0xf4,0x43,0x21,0x10,0xfd,0x30,0x8d,0x68,0x1,0x75,0x5d,0x58,0x9a,0x47,0xc7,
  0x2f,0xef,0x79,0x9f,0x3e,0x84,0x76,0xe0,0xec,0xc4,0x5,0xb5,0xf0,0x46,0x92,0x56,
  0x4c,0xa8,0x83,0x73,0x96,0x5a,0x94,0xd0,0x4b,0x2b,0xcb,0x8b,0xb5,0xd7,0x5d,0x11,
  0x61,0xa3,0x37,0x78,0x8e,0xfb,0x67,0xcd,0x9a,0x98,0x34,0xc2,0x34,0xef,0xd1,0x4c,
  0x71,0xbd,0xe6,0xe5,0x9,0xb5,0xa6,0xd,0x3,0xdb,0xc1,0x7,0x5c,0x8a,0xb5,0x92,
  0x64,0x75,0x16,0xb6,0x8,0xbb,0xc9,0xc2,0xcc,0x3b,0x97,0xf8,0xc8,0xac,0x8c,0x6b,
  0x49,0x92,0x78,0x3d,0x5b,0xf6,0x25,0x63,0xd3,0xb5,0xc,0x6e,0x52,0x2b,0xbd,0xd7,
  0xc2,0x1b,0xf0,0x53,0xf2,0x1,0x1,0x32,0x15,0x23,0x3f,0x37,0xe1,0x52,0x2f,0x21,
  0x86,0xb9,0xcb,0x2c,0x2d,0x87,0x92,0x32,0x73,0xd4,0x65,0x6,0x46,0x53,0x48,0xec,
  0xd7,0x92,0xed,0xc1,0x54,0xe6,0xa3,0xa8,0x2e,0x24,0x60,0x88,0xe3,0x23,0x1,0x69,
  0x82,0x79,0x41,0x8f,0x16,0x59,0x4c,0xad,0x45,0xc1,0xec,0xf5,0x36,0xb4,0xcb,0xb8,
  0x21,0xfb,0xf6,0xc2,0x11,0xe,0x25,0x58,0x21,0xb4,0x25,0x4b,0x51,0xef,0x17,0x5e,
  0x1,0x35,0xe9,0xbd,0xbc,0x7b,0x2e,0x15,0x96,0x84,0xfa,0xf,0xac,0xc6,0x69,0x5a,
  0x6b,0x48,0xdc,0x88,0x47,0x87,0xf7,0xba,0xdf,0xef,0x48,0x85,0x5a,0x18,0xa3,0x4c,
  0xee,0x38,0xad,0x62,0xf3,0xb0,0xbf,0xc4,0x37,0x2e,0x58,0x95,0xaf,0x66,0x19,0x10,
  0xb6,0x4f,0x37,0xc7,0xff,0x30,0x11,0x57,0x4d,0x32,0xce,0xf0,0xff,0x2f,0x26,0xfe,
  0x77,0x7a,
    // E:/QTproject/kylinqt/components/ExGuide.qml
  0x0,0x0,0x7,0xe0,
  0x69,
  0x6d,0x70,0x6f,0x72,0x74,0x20,0x51,0x74,0x51,0x75,0x69,0x63,0x6b,0x20,0x32,0x2e,
  0x31,0x32,0xd,0xa,0x69,0x6d,0x70,0x6f,0x72,0x74,0x20,0x51,0x74,0x51,0x75,0x69,
  0x63,0x6b,0x2e,0x43,0x6f,0x6e,0x74,0x72,0x6f,0x6c,0x73,0x20,0x32,0x2e,0x31,0x32,
  0xd,0xa,0x69,0x6d,0x70,0x6f,0x72,0x74,0x20,0x74,0x61,0x6f,0x51,0x75,0x69,0x63,
  0x6b,0x20,0x31,0x2e,0x30,0xd,0xa,0xd,0xa,0xd,0xa,0x49,0x74,0x65,0x6d,0x20,
  0x7b,0xd,0xa,0x20,0x20,0x20,0x20,0x69,0x64,0x3a,0x20,0x72,0x6f,0x6f,0x74,0xd,
  0xa,0xd,0xa,0x20,0x20,0x20,0x20,0x2f,0x2f,0x20,0xe4,0xbe,0x9b,0xe5,0xa4,0x96,
  0xe9,0x83,0xa8,0xe8,0xb0,0x83,0xe7,0x94,0xa8,0xe7,0x9a,0x84,0xe6,0x97,0xa5,0xe5,
  0xbf,0x97,0xe6,0x8e,0xa5,0xe5,0x8f,0xa3,0xef,0xbc,0x9a,0x45,0x78,0x47,0x75,0x69,
  0x64,0x65,0x2e,0x61,0x64,0x64,0x4c,0x6f,0x67,0x28,0x22,0xe6,0xb6,0x88,0xe6,0x81,
  0xaf,0xe5,0x86,0x85,0xe5,0xae,0xb9,0x22,0x29,0xd,0xa,0x20,0x20,0x20,0x20,0x66,
  0x75,0x6e,0x63,0x74,0x69,0x6f,0x6e,0x20,0x61,0x64,0x64,0x4c,0x6f,0x67,0x28,0x6d,
  0x73,0x67,0x29,0x20,0x7b,0xd,0xa,0x20,0x20,0x20,0x20,0x20,0x20,0x20,0x20,0x76,
  0x61,0x72,0x20,0x6e,0x6f,0x77,0x20,0x3d,0x20,0x6e,0x65,0x77,0x20,0x44,0x61,0x74,
  0x65,0x28,0x29,0xd,0xa,0x20,0x20,0x20,0x20,0x20,0x20,0x20,0x20,0x76,0x61,0x72,
  0x20,0x74,0x73,0x20,0x3d,0x20,0x6e,0x6f,0x77,0x2e,0x74,0x6f,0x4c,0x6f,0x63,0x61,
  0x6c,0x65,0x54,0x69,0x6d,0x65,0x53,0x74,0x72,0x69,0x6e,0x67,0x28,0x51,0x74,0x2e,
  0x6c,0x6f,0x63,0x61,0x6c,0x65,0x28,0x29,0x2c,0x20,0x22,0x68,0x68,0x3a,0x6d,0x6d,
  0x3a,0x73,0x73,0x22,0x29,0xd,0xa,0x20,0x20,0x20,0x20,0x20,0x20,0x20,0x20,0x6c,
  0x6f,0x67,0x4d,0x6f,0x64,0x65,0x6c,0x2e,0x61,0x70,0x70,0x65,0x6e,0x64,0x28,0x7b,
  0x20,0x74,0x65,0x78,0x74,0x3a,0x20,0x22,0x5b,0x22,0x20,0x2b,0x20,0x74,0x73,0x20,
  0x2b,0x20,0x22,0x5d,0x20,0x22,0x20,0x2b,0x20,0x6d,0x73,0x67,0x20,0x7d,0x29,0xd,
  0xa,0x20,0x20,0x20,0x20,0x20,0x20,0x20,0x20,0x2f,0x2f,0x20,0xe8,0xb6,0x85,0xe8,
  0xbf,0x87,0x20,0x32,0x30,0x30,0x20,0xe6,0x9d,0xa1,0xe6,0x97,0xb6,0xe7,0xa7,0xbb,
  0xe9,0x99,0xa4,0xe6,0x9c,0x80,0xe8,0x80,0x81,0xe7,0x9a,0x84,0xd,0xa,0x20,0x20,
  0x20,0x20,0x20,0x20,0x20,0x20,0x69,0x66,0x20,0x28,0x6c,0x6f,0x67,0x4d,0x6f,0x64,
  0x65,0x6c,0x2e,0x63,0x6f,0x75,0x6e,0x74,0x20,0x3e,0x20,0x32,0x30,0x30,0x29,0x20,
  0x7b,0xd,0xa,0x20,0x20,0x20,0x20,0x20,0x20,0x20,0x20,0x20,0x20,0x20,0x20,0x6c,
  0x6f,0x67,0x4d,0x6f,0x64,0x65,0x6c,0x2e,0x72,0x65,0x6d,0x6f,0x76,0x65,0x28,0x30,
  0x2c,0x20,0x6c,0x6f,0x67,0x4d,0x6f,0x64,0x65,0x6c,0x2e,0x63,0x6f,0x75,0x6e,0x74,
  0x20,0x2d,0x20,0x32,0x30,0x30,0x29,0xd,0xa,0x20,0x20,0x20,0x20,0x20,0x20,0x20,
  0x20,0x7d,0xd,0xa,0x20,0x20,0x20,0x20,0x20,0x20,0x20,0x20,0x2f,0x2f,0x20,0xe8,
  0x87,0xaa,0xe5,0x8a,0xa8,0xe6,0xbb,0x9a,0xe5,0x88,0xb0,0xe5,0xba,0x95,0xe9,0x83,
  0xa8,0xd,0xa,0x20,0x20,0x20,0x20,0x20,0x20,0x20,0x20,0x6c,0x6f,0x67,0x4c,0x69,
  0x73,0x74,0x2e,0x70,0x6f,0x73,0x69,0x74,0x69,0x6f,0x6e,0x56,0x69,0x65,0x77,0x41,
  0x74,0x45,0x6e,0x64,0x28,0x29,0xd,0xa,0x20,0x20,0x20,0x20,0x7d,0xd,0xa,0xd,
  0xa,0x20,0x20,0x20,0x20,0x2f,0x2f,0x20,0xe6,0xb8,0x85,0xe7,0xa9,0xba,0xe6,0x97,
  0xa5,0xe5,0xbf,0x97,0xd,0xa,0x20,0x20,0x20,0x20,0x66,0x75,0x6e,0x63,0x74,0x69,
  0x6f,0x6e,0x20,0x63,0x6c,0x65,0x61,0x72,0x4c,0x6f,0x67,0x28,0x29,0x20,0x7b,0xd,
  0xa,0x20,0x20,0x20,0x20,0x20,0x20,0x20,0x20,0x6c,0x6f,0x67,0x4d,0x6f,0x64,0x65,
  0x6c,0x2e,0x63,0x6c,0x65,0x61,0x72,0x28,0x29,0xd,0xa,0x20,0x20,0x20,0x20,0x7d,
  0xd,0xa,0xd,0xa,0x20,0x20,0x20,0x20,0x52,0x65,0x63,0x74,0x61,0x6e,0x67,0x6c,
  0x65,0x20,0x7b,0xd,0xa,0x20,0x20,0x20,0x20,0x20,0x20,0x20,0x20,0x61,0x6e,0x63,
  0x68,0x6f,0x72,0x73,0x2e,0x66,0x69,0x6c,0x6c,0x3a,0x20,0x70,0x61,0x72,0x65,0x6e,
  0x74,0xd,0xa,0x20,0x20,0x20,0x20,0x20,0x20,0x20,0x20,0x63,0x6f,0x6c,0x6f,0x72,
  0x3a,0x20,0x27,0x23,0x65,0x62,0x65,0x37,0x65,0x37,0x27,0xd,0xa,0x20,0x20,0x20,
  0x20,0x20,0x20,0x20,0x20,0x62,0x6f,0x72,0x64,0x65,0x72,0x2e,0x63,0x6f,0x6c,0x6f,
  0x72,0x3a,0x20,0x22,0x23,0x35,0x30,0x35,0x30,0x35,0x30,0x22,0xd,0xa,0x20,0x20,
  0x20,0x20,0x20,0x20,0x20,0x20,0x62,0x6f,0x72,0x64,0x65,0x72,0x2e,0x77,0x69,0x64,
  0x74,0x68,0x3a,0x20,0x31,0xd,0xa,0x20,0x20,0x20,0x20,0x20,0x20,0x20,0x20,0x72,
  0x61,0x64,0x69,0x75,0x73,0x3a,0x20,0x34,0xd,0xa,0xd,0xa,0x20,0x20,0x20,0x20,
  0x20,0x20,0x20,0x20,0x2f,0x2f,0x20,0xe6,0xa0,0x87,0xe9,0xa2,0x98,0xd,0xa,0x20,
  0x20,0x20,0x20,0x20,0x20,0x20,0x20,0x54,0x65,0x78,0x74,0x20,0x7b,0xd,0xa,0x20,
  0x20,0x20,0x20,0x20,0x20,0x20,0x20,0x20,0x20,0x20,0x20,0x61,0x6e,0x63,0x68,0x6f,
  0x72,0x73,0x2e,0x74,0x6f,0x70,0x3a,0x20,0x70,0x61,0x72,0x65,0x6e,0x74,0x2e,0x74,
  0x6f,0x70,0x3b,0x20,0x61,0x6e,0x63,0x68,0x6f,0x72,0x73,0x2e,0x74,0x6f,0x70,0x4d,
  0x61,0x72,0x67,0x69,0x6e,0x3a,0x20,0x34,0xd,0xa,0x20,0x20,0x20,0x20,0x20,0x20,
  0x20,0x20,0x20,0x20,0x20,0x20,0x61,0x6e,0x63,0x68,0x6f,0x72,0x73,0x2e,0x6c,0x65,
  0x66,0x74,0x3a,0x20,0x70,0x61,0x72,0x65,0x6e,0x74,0x2e,0x6c,0x65,0x66,0x74,0x3b,
  0x20,0x61,0x6e,0x63,0x68,0x6f,0x72,0x73,0x2e,0x6c,0x65,0x66,0x74,0x4d,0x61,0x72,
  0x67,0x69,0x6e,0x3a,0x20,0x31,0x30,0xd,0xa,0x20,0x20,0x20,0x20,0x20,0x20,0x20,
  0x20,0x20,0x20,0x20,0x20,0x74,0x65,0x78,0x74,0x3a,0x20,0x22,0xe6,0x97,0xa5,0xe5,
  0xbf,0x97,0x22,0x3b,0x20,0x66,0x6f,0x6e,0x74,0x2e,0x70,0x69,0x78,0x65,0x6c,0x53,
  0x69,0x7a,0x65,0x3a,0x20,0x31,0x38,0x3b,0x20,0x63,0x6f,0x6c,0x6f,0x72,0x3a,0x20,
  0x27,0x23,0x30,0x30,0x30,0x30,0x30,0x30,0x27,0xd,0xa,0x20,0x20,0x20,0x20,0x20,
  0x20,0x20,0x20,0x7d,0xd,0xa,0xd,0xa,0x20,0x20,0x20,0x20,0x20,0x20,0x20,0x20,
  0x2f,0x2f,0x20,0xe6,0x97,0xa5,0xe5,0xbf,0x97,0xe5,0x88,0x97,0xe8,0xa1,0xa8,0xd,
  0xa,0x20,0x20,0x20,0x20,0x20,0x20,0x20,0x20,0x43,0x75,0x73,0x4c,0x69,0x73,0x74,
  0x56,0x69,0x65,0x77,0x20,0x7b,0xd,0xa,0x20,0x20,0x20,0x20,0x20,0x20,0x20,0x20,
  0x20,0x20,0x20,0x20,0x69,0x64,0x3a,0x20,0x6c,0x6f,0x67,0x4c,0x69,0x73,0x74,0xd,
  0xa,0x20,0x20,0x20,0x20,0x20,0x20,0x20,0x20,0x20,0x20,0x20,0x20,0x61,0x6e,0x63,
  0x68,0x6f,0x72,0x73,0x2e,0x74,0x6f,0x70,0x3a,0x20,0x70,0x61,0x72,0x65,0x6e,0x74,
  0x2e,0x74,0x6f,0x70,0x3b,0x20,0x61,0x6e,0x63,0x68,0x6f,0x72,0x73,0x2e,0x74,0x6f,
  0x70,0x4d,0x61,0x72,0x67,0x69,0x6e,0x3a,0x20,0x32,0x32,0xd,0xa,0x20,0x20,0x20,
  0x20,0x20,0x20,0x20,0x20,0x20,0x20,0x20,0x20,0x61,0x6e,0x63,0x68,0x6f,0x72,0x73,
  0x2e,0x6c,0x65,0x66,0x74,0x3a,0x20,0x70,0x61,0x72,0x65,0x6e,0x74,0x2e,0x6c,0x65,
  0x66,0x74,0x3b,0x20,0x20,0x20,0x61,0x6e,0x63,0x68,0x6f,0x72,0x73,0x2e,0x6c,0x65,
  0x66,0x74,0x4d,0x61,0x72,0x67,0x69,0x6e,0x3a,0x20,0x35,0xd,0xa,0x20,0x20,0x20,
  0x20,0x20,0x20,0x20,0x20,0x20,0x20,0x20,0x20,0x61,0x6e,0x63,0x68,0x6f,0x72,0x73,
  0x2e,0x72,0x69,0x67,0x68,0x74,0x3a,0x20,0x70,0x61,0x72,0x65,0x6e,0x74,0x2e,0x72,
  0x69,0x67,0x68,0x74,0x3b,0x20,0x61,0x6e,0x63,0x68,0x6f,0x72,0x73,0x2e,0x72,0x69,
  0x67,0x68,0x74,0x4d,0x61,0x72,0x67,0x69,0x6e,0x3a,0x20,0x35,0xd,0xa,0x20,0x20,
  0x20,0x20,0x20,0x20,0x20,0x20,0x20,0x20,0x20,0x20,0x61,0x6e,0x63,0x68,0x6f,0x72,
  0x73,0x2e,0x62,0x6f,0x74,0x74,0x6f,0x6d,0x3a,0x20,0x70,0x61,0x72,0x65,0x6e,0x74,
  0x2e,0x62,0x6f,0x74,0x74,0x6f,0x6d,0x3b,0x20,0x61,0x6e,0x63,0x68,0x6f,0x72,0x73,
  0x2e,0x62,0x6f,0x74,0x74,0x6f,0x6d,0x4d,0x61,0x72,0x67,0x69,0x6e,0x3a,0x20,0x34,
  0xd,0xa,0x20,0x20,0x20,0x20,0x20,0x20,0x20,0x20,0x20,0x20,0x20,0x20,0x63,0x6c,
  0x69,0x70,0x3a,0x20,0x74,0x72,0x75,0x65,0xd,0xa,0x20,0x20,0x20,0x20,0x20,0x20,
  0x20,0x20,0x20,0x20,0x20,0x20,0x73,0x70,0x61,0x63,0x69,0x6e,0x67,0x3a,0x20,0x31,
  0xd,0xa,0xd,0xa,0x20,0x20,0x20,0x20,0x20,0x20,0x20,0x20,0x20,0x20,0x20,0x20,
  0x6d,0x6f,0x64,0x65,0x6c,0x3a,0x20,0x4c,0x69,0x73,0x74,0x4d,0x6f,0x64,0x65,0x6c,
  0x20,0x7b,0x20,0x69,0x64,0x3a,0x20,0x6c,0x6f,0x67,0x4d,0x6f,0x64,0x65,0x6c,0x20,
  0x7d,0xd,0xa,0xd,0xa,0x20,0x20,0x20,0x20,0x20,0x20,0x20,0x20,0x20,0x20,0x20,
  0x20,0x64,0x65,0x6c,0x65,0x67,0x61,0x74,0x65,0x3a,0x20,0x54,0x65,0x78,0x74,0x20,
  0x7b,0xd,0xa,0x20,0x20,0x20,0x20,0x20,0x20,0x20,0x20,0x20,0x20,0x20,0x20,0x20,
  0x20,0x20,0x20,0x74,0x65,0x78,0x74,0x3a,0x20,0x6d,0x6f,0x64,0x65,0x6c,0x2e,0x74,
  0x65,0x78,0x74,0xd,0xa,0x20,0x20,0x20,0x20,0x20,0x20,0x20,0x20,0x20,0x20,0x20,
  0x20,0x20,0x20,0x20,0x20,0x66,0x6f,0x6e,0x74,0x2e,0x70,0x69,0x78,0x65,0x6c,0x53,
  0x69,0x7a,0x65,0x3a,0x20,0x31,0x32,0x3b,0x20,0x66,0x6f,0x6e,0x74,0x2e,0x66,0x61,
  0x6d,0x69,0x6c,0x79,0x3a,0x20,0x22,0x43,0x6f,0x6e,0x73,0x6f,0x6c,0x61,0x73,0x22,
  0xd,0xa,0x20,0x20,0x20,0x20,0x20,0x20,0x20,0x20,0x20,0x20,0x20,0x20,0x20,0x20,
  0x20,0x20,0x63,0x6f,0x6c,0x6f,0x72,0x3a,0x20,0x27,0x23,0x31,0x65,0x30,0x31,0x30,
  0x31,0x27,0xd,0xa,0x20,0x20,0x20,0x20,0x20,0x20,0x20,0x20,0x20,0x20,0x20,0x20,
  0x20,0x20,0x20,0x20,0x77,0x69,0x64,0x74,0x68,0x3a,0x20,0x6c,0x6f,0x67,0x4c,0x69,
  0x73,0x74,0x2e,0x77,0x69,0x64,0x74,0x68,0xd,0xa,0x20,0x20,0x20,0x20,0x20,0x20,
  0x20,0x20,0x20,0x20,0x20,0x20,0x20,0x20,0x20,0x20,0x77,0x72,0x61,0x70,0x4d,0x6f,
  0x64,0x65,0x3a,0x20,0x54,0x65,0x78,0x74,0x2e,0x57,0x72,0x61,0x70,0xd,0xa,0x20,
  0x20,0x20,0x20,0x20,0x20,0x20,0x20,0x20,0x20,0x20,0x20,0x7d,0xd,0xa,0xd,0xa,
  0x20,0x20,0x20,0x20,0x20,0x20,0x20,0x20,0x20,0x20,0x20,0x20,0x2f,0x2f,0x20,0xe6,
  0xbb,0x9a,0xe5,0x8a,0xa8,0xe6,0x9d,0xa1,0xd,0xa,0x20,0x20,0x20,0x20,0x20,0x20,
  0x20,0x20,0x20,0x20,0x20,0x20,0x53,0x63,0x72,0x6f,0x6c,0x6c,0x42,0x61,0x72,0x2e,
  0x76,0x65,0x72,0x74,0x69,0x63,0x61,0x6c,0x3a,0x20,0x53,0x63,0x72,0x6f,0x6c,0x6c,
  0x42,0x61,0x72,0x20,0x7b,0xd,0xa,0x20,0x20,0x20,0x20,0x20,0x20,0x20,0x20,0x20,
  0x20,0x20,0x20,0x20,0x20,0x20,0x20,0x70,0x6f,0x6c,0x69,0x63,0x79,0x3a,0x20,0x53,
  0x63,0x72,0x6f,0x6c,0x6c,0x42,0x61,0x72,0x2e,0x41,0x73,0x4e,0x65,0x65,0x64,0x65,
  0x64,0xd,0xa,0x20,0x20,0x20,0x20,0x20,0x20,0x20,0x20,0x20,0x20,0x20,0x20,0x20,
  0x20,0x20,0x20,0x77,0x69,0x64,0x74,0x68,0x3a,0x20,0x36,0xd,0xa,0x20,0x20,0x20,
  0x20,0x20,0x20,0x20,0x20,0x20,0x20,0x20,0x20,0x20,0x20,0x20,0x20,0x63,0x6f,0x6e,
  0x74,0x65,0x6e,0x74,0x49,0x74,0x65,0x6d,0x3a,0x20,0x52,0x65,0x63,0x74,0x61,0x6e,
  0x67,0x6c,0x65,0x20,0x7b,0xd,0xa,0x20,0x20,0x20,0x20,0x20,0x20,0x20,0x20,0x20,
  0x20,0x20,0x20,0x20,0x20,0x20,0x20,0x20,0x20,0x20,0x20,0x63,0x6f,0x6c,0x6f,0x72,
  0x3a,0x20,0x22,0x23,0x35,0x35,0x35,0x35,0x35,0x35,0x22,0x3b,0x20,0x72,0x61,0x64,
  0x69,0x75,0x73,0x3a,0x20,0x33,0xd,0xa,0x20,0x20,0x20,0x20,0x20,0x20,0x20,0x20,
  0x20,0x20,0x20,0x20,0x20,0x20,0x20,0x20,0x7d,0xd,0xa,0x20,0x20,0x20,0x20,0x20,
  0x20,0x20,0x20,0x20,0x20,0x20,0x20,0x7d,0xd,0xa,0x20,0x20,0x20,0x20,0x20,0x20,
  0x20,0x20,0x7d,0xd,0xa,0x20,0x20,0x20,0x20,0x7d,0xd,0xa,0x7d,0xd,0xa,
    // E:/QTproject/kylinqt/components/MyComboBox.qml
  0x0,0x0,0x4,0x47,
  0x69,
  0x6d,0x70,0x6f,0x72,0x74,0x20,0x51,0x74,0x51,0x75,0x69,0x63,0x6b,0x20,0x32,0x2e,
  0x31,0x32,0xd,0xa,0x69,0x6d,0x70,0x6f,0x72,0x74,0x20,0x51,0x74,0x51,0x75,0x69,
  0x63,0x6b,0x2e,0x43,0x6f,0x6e,0x74,0x72,0x6f,0x6c,0x73,0x20,0x32,0x2e,0x31,0x32,
  0xd,0xa,0x69,0x6d,0x70,0x6f,0x72,0x74,0x20,0x74,0x61,0x6f,0x51,0x75,0x69,0x63,
  0x6b,0x20,0x31,0x2e,0x30,0xd,0xa,0x69,0x6d,0x70,0x6f,0x72,0x74,0x20,0x51,0x74,
  0x51,0x75,0x69,0x63,0x6b,0x2e,0x4c,0x61,0x79,0x6f,0x75,0x74,0x73,0x20,0x31,0x2e,
  0x31,0x32,0xd,0xa,0x49,0x74,0x65,0x6d,0x20,0x7b,0xd,0xa,0x20,0x20,0x20,0x20,
  0x69,0x64,0x3a,0x20,0x72,0x6f,0x6f,0x74,0xd,0xa,0x20,0x20,0x20,0x20,0x70,0x72,
  0x6f,0x70,0x65,0x72,0x74,0x79,0x20,0x61,0x6c,0x69,0x61,0x73,0x20,0x74,0x69,0x74,
  0x6c,0x65,0x3a,0x20,0x74,0x69,0x74,0x6c,0x65,0x54,0x65,0x78,0x74,0x2e,0x74,0x65,
  0x78,0x74,0xd,0xa,0x20,0x20,0x20,0x20,0x70,0x72,0x6f,0x70,0x65,0x72,0x74,0x79,
  0x20,0x69,0x6e,0x74,0x20,0x6d,0x79,0x77,0x69,0x64,0x74,0x68,0xd,0xa,0x20,0x20,
  0x20,0x20,0x70,0x72,0x6f,0x70,0x65,0x72,0x74,0x79,0x20,0x69,0x6e,0x74,0x20,0x6d,
  0x79,0x68,0x65,0x69,0x67,0x68,0x74,0xd,0xa,0x20,0x20,0x20,0x20,0x70,0x72,0x6f,
  0x70,0x65,0x72,0x74,0x79,0x20,0x61,0x6c,0x69,0x61,0x73,0x20,0x6d,0x6f,0x64,0x65,
  0x6c,0x3a,0x20,0x6d,0x79,0x43,0x6f,0x6d,0x62,0x6f,0x78,0x2e,0x6d,0x6f,0x64,0x65,
  0x6c,0xd,0xa,0x20,0x20,0x20,0x20,0x70,0x72,0x6f,0x70,0x65,0x72,0x74,0x79,0x20,
  0x61,0x6c,0x69,0x61,0x73,0x20,0x6d,0x79,0x63,0x75,0x72,0x72,0x65,0x6e,0x74,0x49,
  0x6e,0x64,0x65,0x78,0x3a,0x20,0x6d,0x79,0x43,0x6f,0x6d,0x62,0x6f,0x78,0x2e,0x63,
  0x75,0x72,0x72,0x65,0x6e,0x74,0x49,0x6e,0x64,0x65,0x78,0xd,0xa,0x20,0x20,0x20,
  0x20,0x77,0x69,0x64,0x74,0x68,0x3a,0x6d,0x79,0x77,0x69,0x64,0x74,0x68,0xd,0xa,
  0x20,0x20,0x20,0x20,0x68,0x65,0x69,0x67,0x68,0x74,0x3a,0x6d,0x79,0x68,0x65,0x69,
  0x67,0x68,0x74,0xd,0xa,0x20,0x20,0x20,0x20,0x73,0x69,0x67,0x6e,0x61,0x6c,0x20,
  0x63,0x75,0x72,0x72,0x65,0x6e,0x74,0x49,0x6e,0x64,0x65,0x78,0x43,0x68,0x61,0x6e,
  0x67,0x65,0x64,0x28,0x69,0x6e,0x74,0x20,0x69,0x6e,0x64,0x65,0x78,0x29,0xd,0xa,
  0x20,0x20,0x20,0x20,0x73,0x69,0x67,0x6e,0x61,0x6c,0x20,0x61,0x63,0x74,0x69,0x76,
  0x61,0x74,0x65,0x64,0x28,0x69,0x6e,0x74,0x20,0x69,0x6e,0x64,0x65,0x78,0x29,0xd,
  0xa,0x20,0x20,0x20,0x20,0x2f,0x2f,0x20,0x70,0x72,0x6f,0x70,0x65,0x72,0x74,0x79,
  0x20,0x61,0x6c,0x69,0x61,0x73,0x20,0x6c,0x61,0x62,0x65,0x6c,0x74,0x65,0x78,0x74,
  0x3a,0x20,0x6d,0x79,0x6c,0x61,0x62,0x65,0x6c,0x2e,0x74,0x65,0x78,0x74,0xd,0xa,
  0x20,0x20,0x20,0x20,0x54,0x65,0x78,0x74,0x20,0x7b,0xd,0xa,0x20,0x20,0x20,0x20,
  0x69,0x64,0x3a,0x20,0x74,0x69,0x74,0x6c,0x65,0x54,0x65,0x78,0x74,0xd,0xa,0x20,
  0x20,0x20,0x20,0x74,0x65,0x78,0x74,0x3a,0x20,0x74,0x69,0x74,0x6c,0x65,0x20,0xd,
  0xa,0x20,0x20,0x20,0x20,0x61,0x6e,0x63,0x68,0x6f,0x72,0x73,0x2e,0x6c,0x65,0x66,
  0x74,0x3a,0x20,0x70,0x61,0x72,0x65,0x6e,0x74,0x2e,0x6c,0x65,0x66,0x74,0xd,0xa,
  0x20,0x20,0x20,0x20,0x61,0x6e,0x63,0x68,0x6f,0x72,0x73,0x2e,0x74,0x6f,0x70,0x3a,
  0x20,0x70,0x61,0x72,0x65,0x6e,0x74,0x2e,0x74,0x6f,0x70,0x20,0x20,0x20,0x2f,0x2f,
  0x20,0xe6,0x9b,0xbf,0xe4,0xbb,0xa3,0x20,0x61,0x6e,0x63,0x68,0x6f,0x72,0x73,0x2e,
  0x74,0x6f,0x70,0xd,0xa,0x20,0x20,0x20,0x20,0x61,0x6e,0x63,0x68,0x6f,0x72,0x73,
  0x2e,0x74,0x6f,0x70,0x4d,0x61,0x72,0x67,0x69,0x6e,0x3a,0x20,0x32,0xd,0xa,0x20,
  0x20,0x20,0x20,0x66,0x6f,0x6e,0x74,0x2e,0x70,0x69,0x78,0x65,0x6c,0x53,0x69,0x7a,
  0x65,0x3a,0x20,0x31,0x34,0xd,0xa,0x20,0x20,0x20,0x20,0x66,0x6f,0x6e,0x74,0x2e,
  0x62,0x6f,0x6c,0x64,0x3a,0x20,0x74,0x72,0x75,0x65,0xd,0xa,0x20,0x20,0x20,0x20,
  0x63,0x6f,0x6c,0x6f,0x72,0x3a,0x20,0x22,0x62,0x6c,0x61,0x63,0x6b,0x22,0xd,0xa,
  0x20,0x20,0x20,0x20,0x7d,0xd,0xa,0x20,0x20,0x20,0x20,0xd,0xa,0x20,0x20,0x20,
  0x20,0x43,0x75,0x73,0x43,0x6f,0x6d,0x62,0x6f,0x42,0x6f,0x78,0x7b,0xd,0xa,0x20,
  0x20,0x20,0x20,0x20,0x20,0x20,0x20,0x69,0x64,0x3a,0x20,0x6d,0x79,0x43,0x6f,0x6d,
  0x62,0x6f,0x78,0xd,0xa,0x20,0x20,0x20,0x20,0x20,0x20,0x20,0x20,0x61,0x6e,0x63,
  0x68,0x6f,0x72,0x73,0x2e,0x6c,0x65,0x66,0x74,0x3a,0x20,0x70,0x61,0x72,0x65,0x6e,
  0x74,0x2e,0x6c,0x65,0x66,0x74,0xd,0xa,0x20,0x20,0x20,0x20,0x20,0x20,0x20,0x20,
  0x61,0x6e,0x63,0x68,0x6f,0x72,0x73,0x2e,0x74,0x6f,0x70,0x3a,0x20,0x74,0x69,0x74,
  0x6c,0x65,0x54,0x65,0x78,0x74,0x2e,0x62,0x6f,0x74,0x74,0x6f,0x6d,0xd,0xa,0x20,
  0x20,0x20,0x20,0x20,0x20,0x20,0x20,0x77,0x69,0x64,0x74,0x68,0x3a,0x20,0x6d,0x79,
  0x77,0x69,0x64,0x74,0x68,0xd,0xa,0x20,0x20,0x20,0x20,0x20,0x20,0x20,0x20,0x68,
  0x65,0x69,0x67,0x68,0x74,0x3a,0x20,0x6d,0x79,0x68,0x65,0x69,0x67,0x68,0x74,0x2d,
  0x74,0x69,0x74,0x6c,0x65,0x54,0x65,0x78,0x74,0x2e,0x68,0x65,0x69,0x67,0x68,0x74,
  0xd,0xa,0x20,0x20,0x20,0x20,0x20,0x20,0x20,0x20,0x6f,0x6e,0x43,0x75,0x72,0x72,
  0x65,0x6e,0x74,0x49,0x6e,0x64,0x65,0x78,0x43,0x68,0x61,0x6e,0x67,0x65,0x64,0x3a,
  0x20,0x28,0x69,0x6e,0x64,0x65,0x78,0x29,0x20,0x3d,0x3e,0x20,0x7b,0xd,0xa,0x20,
  0x20,0x20,0x20,0x20,0x20,0x20,0x20,0x20,0x20,0x20,0x20,0x72,0x6f,0x6f,0x74,0x2e,
  0x63,0x75,0x72,0x72,0x65,0x6e,0x74,0x49,0x6e,0x64,0x65,0x78,0x43,0x68,0x61,0x6e,
  0x67,0x65,0x64,0x28,0x69,0x6e,0x64,0x65,0x78,0x29,0xd,0xa,0x20,0x20,0x20,0x20,
  0x20,0x20,0x20,0x20,0x7d,0xd,0xa,0x20,0x20,0x20,0x20,0x20,0x20,0x20,0x20,0x6f,
  0x6e,0x41,0x63,0x74,0x69,0x76,0x61,0x74,0x65,0x64,0x3a,0x20,0x28,0x69,0x6e,0x64,
  0x65,0x78,0x29,0x20,0x3d,0x3e,0x20,0x7b,0xd,0xa,0x20,0x20,0x20,0x20,0x20,0x20,
  0x20,0x20,0x20,0x20,0x20,0x20,0x72,0x6f,0x6f,0x74,0x2e,0x61,0x63,0x74,0x69,0x76,
  0x61,0x74,0x65,0x64,0x28,0x69,0x6e,0x64,0x65,0x78,0x29,0xd,0xa,0x20,0x20,0x20,
  0x20,0x20,0x20,0x20,0x20,0x7d,0xd,0xa,0x20,0x20,0x20,0x20,0x7d,0xd,0xa,0x20,
  0x20,0x20,0x20,0xd,0xa,0x7d,
    // E:/QTproject/kylinqt/components/Modeselect.qml
  0x0,0x0,0x5,0xc7,
  0x69,
  0x6d,0x70,0x6f,0x72,0x74,0x20,0x51,0x74,0x51,0x75,0x69,0x63,0x6b,0x20,0x32,0x2e,
  0x31,0x32,0xd,0xa,0x69,0x6d,0x70,0x6f,0x72,0x74,0x20,0x51,0x74,0x51,0x75,0x69,
  0x63,0x6b,0x2e,0x43,0x6f,0x6e,0x74,0x72,0x6f,0x6c,0x73,0x20,0x32,0x2e,0x31,0x32,
  0xd,0xa,0x69,0x6d,0x70,0x6f,0x72,0x74,0x20,0x51,0x74,0x51,0x75,0x69,0x63,0x6b,
  0x2e,0x4c,0x61,0x79,0x6f,0x75,0x74,0x73,0x20,0x31,0x2e,0x31,0x32,0xd,0xa,0x69,
  0x6d,0x70,0x6f,0x72,0x74,0x20,0x74,0x61,0x6f,0x51,0x75,0x69,0x63,0x6b,0x20,0x31,
  0x2e,0x30,0xd,0xa,0x69,0x6d,0x70,0x6f,0x72,0x74,0x20,0x22,0x2e,0x2f,0x22,0xd,
  0xa,0xd,0xa,0x49,0x74,0x65,0x6d,0x7b,0xd,0xa,0x20,0x20,0x20,0x20,0x69,0x64,
  0x3a,0x20,0x72,0x6f,0x6f,0x74,0xd,0xa,0x20,0x20,0x20,0x20,0x70,0x72,0x6f,0x70,
  0x65,0x72,0x74,0x79,0x20,0x69,0x6e,0x74,0x20,0x6d,0x79,0x69,0x6e,0x64,0x65,0x78,
  0x3a,0x20,0x30,0xd,0xa,0x20,0x47,0x72,0x6f,0x75,0x70,0x42,0x6f,0x78,0x20,0x7b,
  0xd,0xa,0x20,0x20,0x20,0x20,0x20,0x20,0x20,0x20,0x20,0x20,0x20,0x20,0x20,0x20,
  0x20,0x20,0x62,0x61,0x63,0x6b,0x67,0x72,0x6f,0x75,0x6e,0x64,0x3a,0x20,0x52,0x65,
  0x63,0x74,0x61,0x6e,0x67,0x6c,0x65,0x20,0x7b,0xd,0xa,0x20,0x20,0x20,0x20,0x20,
  0x20,0x20,0x20,0x20,0x20,0x20,0x20,0x20,0x20,0x20,0x20,0x63,0x6f,0x6c,0x6f,0x72,
  0x3a,0x20,0x22,0x74,0x72,0x61,0x6e,0x73,0x70,0x61,0x72,0x65,0x6e,0x74,0x22,0xd,
  0xa,0x20,0x20,0x20,0x20,0x20,0x20,0x20,0x20,0x20,0x20,0x20,0x20,0x20,0x20,0x20,
  0x20,0x62,0x6f,0x72,0x64,0x65,0x72,0x2e,0x63,0x6f,0x6c,0x6f,0x72,0x3a,0x20,0x22,
  0x67,0x72,0x61,0x79,0x22,0xd,0xa,0x20,0x20,0x20,0x20,0x20,0x20,0x20,0x20,0x20,
  0x20,0x20,0x20,0x20,0x20,0x20,0x20,0x62,0x6f,0x72,0x64,0x65,0x72,0x2e,0x77,0x69,
  0x64,0x74,0x68,0x3a,0x20,0x34,0xd,0xa,0x20,0x20,0x20,0x20,0x20,0x20,0x20,0x20,
  0x20,0x20,0x20,0x20,0x20,0x20,0x20,0x20,0x72,0x61,0x64,0x69,0x75,0x73,0x3a,0x20,
  0x38,0xd,0xa,0x20,0x20,0x20,0x20,0x20,0x20,0x20,0x20,0x20,0x20,0x20,0x20,0x20,
  0x20,0x20,0x20,0x7d,0xd,0xa,0x52,0x6f,0x77,0x20,0x7b,0xd,0xa,0x20,0x20,0x20,
  0x20,0x73,0x70,0x61,0x63,0x69,0x6e,0x67,0x3a,0x20,0x31,0x30,0x20,0x20,0x20,0x2f,
  0x2f,0x20,0xe7,0xbb,0x9f,0xe4,0xb8,0x80,0xe6,0x8e,0xa7,0xe5,0x88,0xb6,0xe9,0x97,
  0xb4,0xe8,0xb7,0x9d,0xd,0xa,0x20,0x20,0x20,0x20,0x54,0x65,0x78,0x74,0x20,0x7b,
  0xd,0xa,0x20,0x20,0x20,0x20,0x20,0x20,0x20,0x20,0x69,0x64,0x3a,0x20,0x74,0x65,
  0x78,0x74,0x31,0xd,0xa,0x20,0x20,0x20,0x20,0x20,0x20,0x20,0x20,0x74,0x65,0x78,
  0x74,0x3a,0x20,0x71,0x73,0x54,0x72,0x28,0x22,0xe6,0x8e,0xa7,0xe5,0x88,0xb6,0xe6,
  0xa8,0xa1,0xe5,0xbc,0x8f,0xe9,0x80,0x89,0xe6,0x8b,0xa9,0x22,0x29,0xd,0xa,0x20,
  0x20,0x20,0x20,0x20,0x20,0x20,0x20,0x66,0x6f,0x6e,0x74,0x2e,0x70,0x69,0x78,0x65,
  0x6c,0x53,0x69,0x7a,0x65,0x3a,0x20,0x32,0x30,0xd,0xa,0x20,0x20,0x20,0x20,0x20,
  0x20,0x20,0x20,0x66,0x6f,0x6e,0x74,0x2e,0x62,0x6f,0x6c,0x64,0x3a,0x20,0x74,0x72,
  0x75,0x65,0xd,0xa,0x20,0x20,0x20,0x20,0x20,0x20,0x20,0x20,0x63,0x6f,0x6c,0x6f,
  0x72,0x3a,0x20,0x27,0x62,0x6c,0x61,0x63,0x6b,0x27,0xd,0xa,0x20,0x20,0x20,0x20,
  0x20,0x20,0x20,0x20,0x61,0x6e,0x63,0x68,0x6f,0x72,0x73,0x2e,0x76,0x65,0x72,0x74,
  0x69,0x63,0x61,0x6c,0x43,0x65,0x6e,0x74,0x65,0x72,0x3a,0x20,0x70,0x61,0x72,0x65,
  0x6e,0x74,0x2e,0x76,0x65,0x72,0x74,0x69,0x63,0x61,0x6c,0x43,0x65,0x6e,0x74,0x65,
  0x72,0xd,0xa,0x20,0x20,0x20,0x20,0x7d,0xd,0xa,0x20,0x20,0x20,0x20,0x43,0x75,
  0x73,0x52,0x61,0x64,0x69,0x6f,0x42,0x75,0x74,0x74,0x6f,0x6e,0x20,0x7b,0xd,0xa,
  0x20,0x20,0x20,0x20,0x20,0x20,0x20,0x20,0x69,0x64,0x3a,0x20,0x72,0x61,0x64,0x69,
  0x6f,0x31,0xd,0xa,0x20,0x20,0x20,0x20,0x20,0x20,0x20,0x20,0x77,0x69,0x64,0x74,
  0x68,0x3a,0x20,0x31,0x36,0x30,0xd,0xa,0x20,0x20,0x20,0x20,0x20,0x20,0x20,0x20,
  0x74,0x65,0x78,0x74,0x3a,0x20,0x71,0x73,0x54,0x72,0x28,0x22,0xe5,0xa4,0x96,0xe5,
  0xbc,0x95,0xe5,0xaf,0xbc,0xe6,0xa8,0xa1,0xe5,0xbc,0x8f,0x22,0x29,0xd,0xa,0x20,
  0x20,0x20,0x20,0x20,0x20,0x20,0x20,0x66,0x6f,0x6e,0x74,0x2e,0x70,0x69,0x78,0x65,
  0x6c,0x53,0x69,0x7a,0x65,0x3a,0x20,0x32,0x30,0xd,0xa,0x20,0x20,0x20,0x20,0x20,
  0x20,0x20,0x20,0x6f,0x6e,0x43,0x68,0x65,0x63,0x6b,0x65,0x64,0x43,0x68,0x61,0x6e,
  0x67,0x65,0x64,0x3a,0x20,0x7b,0xd,0xa,0x20,0x20,0x20,0x20,0x20,0x20,0x20,0x20,
  0x20,0x20,0x20,0x20,0x69,0x66,0x20,0x28,0x63,0x68,0x65,0x63,0x6b,0x65,0x64,0x29,
  0x20,0x7b,0xd,0xa,0x20,0x20,0x20,0x20,0x20,0x20,0x20,0x20,0x20,0x20,0x20,0x20,
  0x20,0x20,0x20,0x20,0x72,0x6f,0x6f,0x74,0x2e,0x6d,0x79,0x69,0x6e,0x64,0x65,0x78,
  0x20,0x3d,0x20,0x30,0xd,0xa,0x20,0x20,0x20,0x20,0x20,0x20,0x20,0x20,0x20,0x20,
  0x20,0x20,0x7d,0xd,0xa,0x20,0x20,0x20,0x20,0x20,0x20,0x20,0x20,0x7d,0xd,0xa,
  0x20,0x20,0x20,0x20,0x7d,0xd,0xa,0x20,0x20,0x20,0x20,0x43,0x75,0x73,0x52,0x61,
  0x64,0x69,0x6f,0x42,0x75,0x74,0x74,0x6f,0x6e,0x20,0x7b,0xd,0xa,0x20,0x20,0x20,
  0x20,0x20,0x20,0x20,0x20,0x69,0x64,0x3a,0x20,0x72,0x61,0x64,0x69,0x6f,0x32,0xd,
  0xa,0x20,0x20,0x20,0x20,0x20,0x20,0x20,0x20,0x77,0x69,0x64,0x74,0x68,0x3a,0x20,
  0x31,0x36,0x30,0xd,0xa,0x20,0x20,0x20,0x20,0x20,0x20,0x20,0x20,0x74,0x65,0x78,
  0x74,0x3a,0x20,0x71,0x73,0x54,0x72,0x28,0x22,0xe7,0xa8,0x8b,0xe6,0x8e,0xa7,0xe6,
  0xa8,0xa1,0xe5,0xbc,0x8f,0x22,0x29,0xd,0xa,0x20,0x20,0x20,0x20,0x20,0x20,0x20,
  0x20,0x66,0x6f,0x6e,0x74,0x2e,0x70,0x69,0x78,0x65,0x6c,0x53,0x69,0x7a,0x65,0x3a,
  0x20,0x32,0x30,0xd,0xa,0x20,0x20,0x20,0x20,0x20,0x20,0x20,0x20,0x6f,0x6e,0x43,
  0x68,0x65,0x63,0x6b,0x65,0x64,0x43,0x68,0x61,0x6e,0x67,0x65,0x64,0x3a,0x20,0x7b,
  0xd,0xa,0x20,0x20,0x20,0x20,0x20,0x20,0x20,0x20,0x20,0x20,0x20,0x20,0x69,0x66,
  0x20,0x28,0x63,0x68,0x65,0x63,0x6b,0x65,0x64,0x29,0x20,0x7b,0xd,0xa,0x20,0x20,
  0x20,0x20,0x20,0x20,0x20,0x20,0x20,0x20,0x20,0x20,0x20,0x20,0x20,0x20,0x72,0x6f,
  0x6f,0x74,0x2e,0x6d,0x79,0x69,0x6e,0x64,0x65,0x78,0x20,0x3d,0x20,0x31,0xd,0xa,
  0x20,0x20,0x20,0x20,0x20,0x20,0x20,0x20,0x20,0x20,0x20,0x20,0x7d,0xd,0xa,0x20,
  0x20,0x20,0x20,0x20,0x20,0x20,0x20,0x7d,0xd,0xa,0x20,0x20,0x20,0x20,0x7d,0xd,
  0xa,0x20,0x20,0x20,0x20,0x43,0x75,0x73,0x52,0x61,0x64,0x69,0x6f,0x42,0x75,0x74,
  0x74,0x6f,0x6e,0x20,0x7b,0xd,0xa,0x20,0x20,0x20,0x20,0x20,0x20,0x20,0x20,0x69,
  0x64,0x3a,0x20,0x72,0x61,0x64,0x69,0x6f,0x33,0xd,0xa,0x20,0x20,0x20,0x20,0x20,
  0x20,0x20,0x20,0x77,0x69,0x64,0x74,0x68,0x3a,0x20,0x31,0x36,0x30,0xd,0xa,0x20,
  0x20,0x20,0x20,0x20,0x20,0x20,0x20,0x74,0x65,0x78,0x74,0x3a,0x20,0x71,0x73,0x54,
  0x72,0x28,0x22,0xe9,0x81,0xa5,0xe6,0x8e,0xa7,0xe6,0xa8,0xa1,0xe5,0xbc,0x8f,0x22,
  0x29,0xd,0xa,0x20,0x20,0x20,0x20,0x20,0x20,0x20,0x20,0x66,0x6f,0x6e,0x74,0x2e,
  0x70,0x69,0x78,0x65,0x6c,0x53,0x69,0x7a,0x65,0x3a,0x20,0x32,0x30,0xd,0xa,0x20,
  0x20,0x20,0x20,0x20,0x20,0x20,0x20,0x6f,0x6e,0x43,0x68,0x65,0x63,0x6b,0x65,0x64,
  0x43,0x68,0x61,0x6e,0x67,0x65,0x64,0x3a,0x20,0x7b,0xd,0xa,0x20,0x20,0x20,0x20,
  0x20,0x20,0x20,0x20,0x20,0x20,0x20,0x20,0x69,0x66,0x20,0x28,0x63,0x68,0x65,0x63,
  0x6b,0x65,0x64,0x29,0x20,0x7b,0xd,0xa,0x20,0x20,0x20,0x20,0x20,0x20,0x20,0x20,
  0x20,0x20,0x20,0x20,0x20,0x20,0x20,0x20,0x72,0x6f,0x6f,0x74,0x2e,0x6d,0x79,0x69,
  0x6e,0x64,0x65,0x78,0x20,0x3d,0x20,0x32,0xd,0xa,0x20,0x20,0x20,0x20,0x20,0x20,
  0x20,0x20,0x20,0x20,0x20,0x20,0x7d,0xd,0xa,0x20,0x20,0x20,0x20,0x20,0x20,0x20,
  0x20,0x7d,0xd,0xa,0x20,0x20,0x20,0x20,0x7d,0xd,0xa,0x7d,0xd,0xa,0xd,0xa,
  0x7d,0xd,0xa,0x7d,0xd,0xa,0x2f,0x2a,0x23,0x23,0x5e,0x23,0x23,0xd,0xa,0x44,
  0x65,0x73,0x69,0x67,0x6e,0x65,0x72,0x20,0x7b,0xd,0xa,0x20,0x20,0x20,0x20,0x44,
  0x7b,0x69,0x3a,0x30,0x3b,0x61,0x75,0x74,0x6f,0x53,0x69,0x7a,0x65,0x3a,0x74,0x72,
  0x75,0x65,0x3b,0x68,0x65,0x69,0x67,0x68,0x74,0x3a,0x34,0x38,0x30,0x3b,0x77,0x69,
  0x64,0x74,0x68,0x3a,0x36,0x34,0x30,0x7d,0xd,0xa,0x7d,0xd,0xa,0x23,0x23,0x5e,
  0x23,0x23,0x2a,0x2f,0xd,0xa,
    // E:/QTproject/kylinqt/components/ImageRecvArea.qml
  0x0,0x0,0xb,0xc8,
  0x0,
  0x0,0x54,0xfc,0x78,0x9c,0xed,0x5c,0xeb,0x53,0xdb,0xc6,0x16,0xff,0x9e,0x99,0xfc,
  0xf,0x1a,0xf3,0x21,0x30,0xed,0x18,0xbf,0x20,0xc4,0x77,0x72,0x3b,0x9,0xd,0x4d,
  0x67,0xd2,0xdb,0x34,0xe4,0xa6,0x1f,0x3b,0xc2,0x96,0x8d,0x6,0x59,0x72,0x65,0x19,
  0x42,0xda,0xdc,0x81,0x72,0x79,0xa5,0x10,0x92,0x26,0x84,0x10,0x5e,0x81,0xf0,0x48,
  0xd3,0x4,0x9c,0x84,0x2,0x31,0xaf,0x99,0xfb,0xa7,0x74,0xbc,0xb2,0xfc,0x29,0xff,
  0xc2,0xdd,0xd5,0xca,0xb6,0x6c,0x4b,0xb6,0xbc,0x72,0x68,0x7a,0xaf,0x77,0x18,0xc0,
  0xfb,0xf8,0x9d,0xa3,0xb3,0x67,0xcf,0x39,0x7b,0x76,0x2d,0x36,0x12,0x15,0x44,0x89,
  0xfa,0x46,0xfa,0x26,0xce,0x6,0x7a,0x28,0x8f,0xd3,0xed,0x39,0x7d,0x8a,0x2d,0xa8,
  0x74,0xb6,0xb,0xbc,0x24,0xa,0x5c,0xcc,0xb8,0xf5,0xa,0xdd,0x2f,0xc4,0xa5,0x18,
  0xe5,0xd6,0x37,0x4a,0xb4,0x80,0x1,0xdd,0x4e,0x57,0xae,0xd2,0xe1,0x6c,0x76,0x9c,
  0x3e,0x75,0xfa,0xd4,0x35,0x26,0x20,0xd1,0x7c,0x98,0x63,0xa8,0x1f,0x4e,0x9f,0xa2,
  0x60,0x61,0x83,0x7e,0x4a,0x14,0x4,0x9,0x7f,0xea,0x63,0x83,0x52,0xb7,0x9f,0x72,
  0x7b,0x5c,0x2e,0x5c,0xd1,0xcd,0xb0,0xe1,0x6e,0xc9,0x4f,0xf9,0xb2,0x15,0x1,0x81,
  0x13,0x44,0x3f,0x75,0xa6,0x81,0x39,0x17,0x72,0x85,0xce,0x9d,0xc1,0xb5,0x51,0x51,
  0x88,0x32,0xa2,0xd4,0x4f,0xb1,0xbc,0x44,0x85,0x45,0x21,0x1e,0xbd,0xac,0xe,0x74,
  0x43,0xac,0x16,0x6d,0xe4,0x75,0xe6,0xa6,0x94,0xa5,0x9a,0xa5,0x2c,0xb1,0x12,0xc7,
  0xa0,0x86,0x7c,0xb5,0x4,0x3f,0xf9,0x29,0x7,0x98,0x3b,0x2,0x43,0x53,0x60,0xeb,
  0x0,0x1c,0x4c,0x83,0xd5,0x6d,0xf9,0xee,0x9a,0xfc,0x70,0x7,0x4c,0x24,0x1d,0xf9,
  0x9e,0x21,0x28,0x1b,0x67,0x94,0xbd,0xc9,0x70,0x9d,0xec,0x2d,0xc6,0x4f,0x79,0x7c,
  0x45,0x6d,0x5d,0x2,0x87,0x68,0x88,0x71,0x26,0xdf,0xa0,0xf1,0xef,0x68,0x70,0xa9,
  0x45,0x15,0x4a,0xb6,0x8d,0xe6,0x3,0xdd,0x82,0x18,0x73,0x72,0x4c,0x8,0xb2,0x10,
  0xa5,0x45,0x6,0x82,0xa0,0xf,0xc6,0x5d,0xbe,0xa2,0xc5,0x30,0xcb,0xc3,0x27,0x74,
  0x95,0xb6,0x4b,0x42,0x34,0x87,0x0,0xff,0x37,0xec,0x50,0x3c,0xfe,0x76,0x96,0x97,
  0xe6,0x66,0xea,0x8f,0xe9,0x7b,0xf8,0x87,0x52,0x46,0x5f,0xc8,0xcf,0x6,0xd2,0x77,
  0x76,0xe4,0x81,0x41,0x65,0x79,0xe2,0xfd,0xc1,0x18,0x98,0x7a,0x9b,0x3a,0xda,0x78,
  0x7f,0x30,0x9e,0xeb,0x94,0x1b,0x26,0x4f,0x27,0xe4,0xc9,0x4d,0x79,0x61,0x4d,0x4e,
  0xde,0x7b,0x7f,0xf0,0x84,0x8d,0xd0,0x61,0xa6,0x93,0x11,0x59,0x9a,0x73,0xaa,0xff,
  0x7f,0x4e,0x4b,0xb4,0x33,0xc6,0x70,0xa1,0xf6,0x6e,0x26,0xd0,0xd3,0xc1,0xd1,0x61,
  0xf7,0xbf,0x5a,0xde,0x1f,0x4c,0xb8,0xce,0xcb,0xaf,0x9e,0x81,0xbd,0xbd,0x4f,0xa9,
  0xcc,0xc2,0x22,0xfc,0x30,0x3d,0x9c,0x79,0x32,0x8f,0x51,0x3b,0x38,0xa1,0x4f,0x3f,
  0x6d,0x85,0x42,0xca,0x4d,0xa0,0x53,0x44,0xf3,0x5d,0x41,0x50,0x1e,0x3,0x49,0xf5,
  0x42,0xbd,0x61,0x3,0x34,0xd7,0xe,0x45,0xc5,0x88,0x7a,0xc4,0xc2,0x96,0xfc,0xc8,
  0x58,0x94,0xe,0xb0,0x7c,0x18,0x4e,0xb8,0x4b,0x3f,0x7b,0x5f,0xf2,0x41,0xd8,0x5b,
  0x12,0x44,0xea,0x7,0x8a,0xa3,0xbb,0x18,0xe,0xce,0x72,0x3a,0xb9,0x2,0x56,0x1f,
  0x29,0x1b,0x23,0x99,0x95,0xfb,0x58,0x85,0x1c,0x7f,0xa3,0x78,0x41,0x8c,0xd0,0xb0,
  0xd5,0x44,0x22,0x1e,0xea,0xfc,0xf9,0xf3,0x94,0x1b,0x4d,0x47,0x59,0xe8,0x87,0xbf,
  0x43,0xdc,0xea,0xa0,0xbd,0xd6,0xa0,0x31,0xa8,0x72,0xf4,0x0,0x8c,0x26,0x21,0x28,
  0x2a,0x15,0x80,0x7d,0xd6,0x80,0x33,0x3,0x4f,0x94,0xcd,0x2d,0xd,0xd2,0x2,0x6c,
  0x8b,0x35,0xd8,0xd4,0x41,0x52,0x9e,0x9f,0xc4,0x8a,0x6a,0x8d,0xdf,0xd6,0x42,0x60,
  0x63,0xcd,0xd7,0x94,0xf9,0xf1,0x51,0x7a,0x35,0x9,0x57,0x3e,0x55,0xa4,0xee,0x25,
  0xa6,0xac,0xc6,0x4b,0x58,0xc4,0x96,0x4f,0xc3,0x30,0x51,0x6f,0xb5,0xba,0xa2,0x21,
  0xc8,0xeb,0x74,0x97,0x20,0x49,0x42,0xa4,0xbc,0x39,0x68,0x2d,0x6d,0xc6,0xc3,0x72,
  0xcc,0x98,0xa1,0xe0,0x7a,0x23,0x76,0xf2,0x66,0xdb,0x1d,0x6c,0xb,0xb6,0x9d,0xc9,
  0xb7,0x40,0x91,0x37,0x30,0xc1,0x20,0x1d,0xa4,0xf3,0x75,0xed,0x2,0x17,0x8f,0xf0,
  0xd8,0xbb,0xe8,0xa5,0x9b,0x23,0x14,0x62,0x39,0x2e,0xcb,0x8d,0xae,0x39,0xb7,0x32,
  0xdd,0xfa,0x85,0xa9,0x4e,0x96,0xd0,0x67,0x0,0xa7,0x15,0xe8,0x9,0x42,0xac,0x18,
  0x93,0x60,0xa7,0xd2,0xc6,0x1c,0xa6,0xaf,0x18,0x53,0xe3,0xfe,0x8f,0x87,0x3,0xf0,
  0x87,0x2,0x7b,0x1b,0xa9,0xe3,0x65,0x79,0x70,0x4b,0xab,0x28,0xed,0xfb,0x5,0xf2,
  0x4b,0x17,0x85,0x9b,0x46,0x2c,0xa0,0xd2,0x45,0x7,0x7a,0x90,0xef,0xe2,0xa1,0xd3,
  0x30,0x54,0xae,0xe2,0x92,0xf5,0x25,0x92,0x48,0xf3,0x31,0x2c,0xc,0x87,0x79,0xef,
  0x2e,0x41,0xc,0x32,0xa2,0x33,0x3b,0x28,0x2c,0xd2,0xfd,0x95,0x7b,0x6b,0xe,0xd9,
  0x67,0xde,0x51,0xa4,0x83,0x6c,0x3c,0xe6,0xa7,0xda,0x8c,0xbb,0xdc,0x36,0xae,0x56,
  0x35,0x12,0xb9,0xd9,0xac,0xd4,0x4c,0x58,0x29,0xf6,0xb1,0x6e,0x13,0x32,0x78,0x72,
  0x55,0xbd,0xf8,0x16,0xb3,0x5c,0xe8,0x76,0xf5,0x5,0xce,0x99,0xae,0xfb,0x65,0x2d,
  0xc2,0x30,0xef,0xaf,0x75,0x8e,0x8a,0x4c,0x88,0x11,0x45,0x26,0x98,0x1d,0x91,0x8b,
  0x2c,0x8a,0x8b,0x66,0x97,0xae,0xa0,0x3f,0x66,0xf3,0x87,0xc3,0x8c,0xac,0x87,0x46,
  0xd2,0xb0,0x2e,0x0,0x13,0xaa,0xd0,0x9e,0x5c,0xa5,0x83,0x41,0xbc,0x0,0x3c,0xda,
  0xa3,0x2a,0x89,0x21,0x79,0x7a,0x5b,0x7e,0x3a,0x9a,0x59,0x79,0x9c,0x3a,0x9c,0x4c,
  0x1f,0x6e,0x9a,0xf0,0x23,0x44,0x73,0x83,0x5b,0x4d,0xa7,0xd2,0xb8,0xe1,0x5a,0xa1,
  0x87,0x2e,0x2e,0xb9,0x15,0xe4,0x75,0x99,0x21,0xa0,0x82,0x17,0x7d,0x39,0xa0,0x2,
  0x30,0x13,0x26,0xb5,0x52,0x1e,0x4,0x39,0x4,0x6d,0x76,0x72,0x4e,0xe4,0x22,0x54,
  0x45,0xf9,0xf7,0x41,0x39,0xb1,0xd,0xa6,0x76,0xfd,0xd0,0x8d,0xf4,0xd2,0x5c,0x9c,
  0xd1,0x7b,0x90,0xae,0xe,0x91,0x8e,0xc0,0x70,0xe6,0xfb,0x38,0xc3,0x7,0x18,0x33,
  0xcd,0x2e,0x47,0xe3,0x82,0x9e,0x6,0x98,0x5b,0x4,0xf7,0xef,0x18,0x52,0xa2,0xb,
  0x28,0x5d,0x63,0xa2,0x5c,0x7f,0x15,0xe4,0xca,0x77,0x44,0xa5,0x80,0x9f,0xf9,0x71,
  0x79,0x7a,0xc,0x2a,0x8,0x38,0x9e,0xf1,0x97,0x31,0x8,0xd9,0x62,0xc2,0xec,0xd,
  0x9a,0x63,0x83,0xc8,0xb5,0xaa,0x9e,0xd5,0x75,0xf3,0xc2,0x5,0xea,0x33,0xca,0x81,
  0xc1,0x1d,0x14,0xa4,0x25,0xcf,0x3c,0x45,0xff,0x5a,0x24,0xd0,0x8e,0xad,0x94,0x35,
  0x2a,0xd,0x6e,0xfa,0xac,0x97,0x69,0x53,0xc9,0x34,0x4,0xcf,0x79,0x5d,0x9e,0x96,
  0xa,0x74,0xca,0x8,0xf3,0x36,0xfa,0x65,0xda,0x6c,0xd9,0xc8,0x19,0x2e,0x96,0xbc,
  0xb7,0x90,0xef,0x6e,0x80,0xb1,0x9d,0x66,0x1c,0x56,0xd7,0xfd,0x46,0x69,0xa9,0xe0,
  0x37,0xc,0xe4,0x77,0x82,0x1e,0xa4,0xee,0x11,0x70,0xb1,0xed,0x11,0xdc,0x26,0xf2,
  0x42,0xe5,0xc4,0x7c,0x85,0x75,0x67,0x61,0xdd,0xb2,0xea,0x12,0x7,0x48,0x51,0xc1,
  0xab,0x6a,0x6c,0xab,0x5,0x3a,0xb8,0xb7,0x48,0xf5,0x52,0xe7,0xb,0xf6,0x38,0x4c,
  0xf,0x23,0xb6,0x4b,0x22,0xa7,0xfa,0xc,0x6b,0x30,0xb1,0x3e,0x56,0xa,0x74,0x37,
  0xf6,0x36,0x59,0xa5,0x8b,0x4a,0x80,0x8e,0x31,0xd0,0xfe,0xba,0x5c,0x7e,0x4a,0x64,
  0xa4,0xb8,0xc8,0xc3,0xcd,0xdd,0xfe,0x63,0x65,0x73,0x15,0xc,0x1c,0x58,0x78,0xd0,
  0x62,0x18,0x77,0x1e,0x6,0x6f,0xe3,0xd0,0x4e,0xf1,0x78,0x94,0x0,0xc9,0x93,0x47,
  0x2,0x89,0x7f,0xdb,0x41,0xf2,0xe5,0x91,0xe4,0x7b,0xf3,0xe9,0xed,0x15,0xec,0xb0,
  0x9,0x90,0x5a,0x75,0x3c,0x4d,0xdd,0x47,0x6c,0x4d,0x8c,0xa6,0xf6,0x57,0x49,0xf1,
  0x7c,0x7a,0x69,0x6d,0x3c,0xcb,0x3c,0x1c,0x24,0x46,0xd2,0x49,0x4b,0x39,0xdc,0x4a,
  0xed,0xef,0x80,0xc9,0xd1,0x74,0x72,0x43,0x1e,0xbb,0x7,0xee,0x2c,0x11,0xa3,0x7a,
  0x8d,0x51,0xc1,0xea,0x6b,0x65,0x7b,0x8d,0x18,0xd5,0x67,0x8c,0x9a,0xda,0x7b,0x55,
  0x3d,0x58,0x4b,0x8b,0x4e,0x6f,0xd5,0xa4,0x4,0xd4,0x14,0x79,0x69,0x8d,0x54,0x59,
  0x2e,0x95,0x28,0x30,0x11,0x5b,0x97,0x4a,0xb4,0x97,0x8,0xa6,0xc3,0x80,0x9b,0x49,
  0xd2,0x47,0xeb,0x30,0xe0,0x89,0x1c,0xcc,0x67,0x2c,0x77,0x12,0xc8,0x20,0x13,0xa2,
  0xe3,0x9c,0x94,0x7,0x74,0xdd,0x74,0x50,0x9f,0x50,0xbd,0x4e,0x49,0xe8,0x94,0x44,
  0x68,0xf7,0x1b,0xdd,0xad,0x4d,0xf0,0xc3,0x3f,0xa3,0x51,0x68,0x13,0x21,0xfd,0xc6,
  0x26,0x6b,0xe0,0x15,0x22,0x6d,0x8b,0x5d,0xf4,0x61,0xec,0xc9,0x1a,0x74,0x36,0x44,
  0x35,0xf6,0x6a,0x1,0xb2,0xcf,0x47,0xfd,0xf8,0x23,0x95,0xfd,0x74,0xc9,0x5d,0xf0,
  0xc9,0xd3,0x94,0x93,0x5d,0x3,0xd3,0xda,0x46,0xab,0xe9,0x68,0xeb,0x14,0xfe,0x8e,
  0x40,0x3a,0x5c,0x7a,0x48,0x9f,0x57,0x7,0x69,0x29,0x12,0xcf,0x96,0xdc,0x28,0x2d,
  0x96,0xb7,0x3d,0x7,0x1f,0x62,0xbf,0x4,0x86,0xc7,0xc1,0xab,0x75,0x30,0xf5,0x93,
  0x3c,0x9d,0x50,0x9e,0xd,0x2b,0x9b,0x2b,0x27,0xe1,0xd5,0x85,0xa8,0x9a,0x86,0xbe,
  0x4a,0xc3,0x1d,0xd0,0x5f,0xcb,0xaf,0xeb,0xcd,0x62,0x66,0x61,0x11,0x4c,0xfe,0x26,
  0x3f,0x86,0x6e,0xe5,0x48,0x7e,0xbe,0x2c,0x2f,0x1c,0x63,0x9,0x62,0x5f,0x63,0xd3,
  0x56,0xd6,0x14,0x58,0xe7,0xbe,0xf4,0x78,0x64,0x16,0x5d,0x67,0xf0,0xf0,0x61,0x0,
  0x92,0xc3,0xc2,0x28,0x98,0x18,0x90,0x9f,0x2e,0xcb,0xaf,0x9e,0x11,0x73,0xd9,0x52,
  0xcc,0x25,0x3a,0x41,0x99,0x7f,0x2e,0x3f,0x58,0xcf,0xcc,0xae,0x12,0xe0,0xb5,0x96,
  0xe0,0xa9,0x48,0xc4,0xfc,0x9d,0xad,0x3c,0xf5,0x38,0x20,0x20,0xc0,0x6e,0xab,0x30,
  0xf5,0xc4,0xc0,0xe7,0x74,0xb3,0x35,0xf7,0x6,0xc,0xf,0x11,0x4e,0xd2,0xff,0x83,
  0x6f,0x22,0x34,0x4b,0x7a,0xef,0x74,0xc9,0x5b,0xe0,0x8f,0x5a,0xec,0xf9,0x23,0xd,
  0xe5,0x6c,0x1,0x66,0xdb,0xff,0xb6,0x43,0x3a,0x7c,0x0,0xc6,0x27,0xc1,0xee,0x5a,
  0xea,0x70,0x1e,0x6,0x50,0x99,0xc1,0x7,0x44,0x29,0xbc,0x40,0x5c,0x44,0x59,0x87,
  0x6f,0x5,0xb1,0xa7,0xbd,0x9b,0xe6,0x79,0xc8,0x4,0x16,0x9f,0xcb,0x83,0xf2,0x6b,
  0xd8,0x70,0xa1,0xf4,0x5a,0xa3,0x95,0x31,0x5e,0x75,0x8c,0x7a,0x3c,0x89,0x33,0x7f,
  0xf3,0x2f,0xd2,0x4b,0x6b,0x8e,0xa,0x1a,0x4e,0x90,0x4e,0xc5,0xb1,0x6d,0x36,0x75,
  0x99,0xcb,0xa3,0x6a,0x8b,0xcd,0xe4,0xe8,0xaf,0xcc,0x12,0xac,0xc4,0x43,0x99,0xa4,
  0x61,0x95,0x9,0x43,0x54,0x6a,0x9b,0xc3,0x30,0x92,0x4f,0x7a,0x6e,0x13,0xa,0x27,
  0xfd,0x7a,0x1f,0x2c,0xfe,0xac,0x93,0x8f,0x16,0x18,0xe4,0xe5,0x13,0xf9,0x4e,0xa2,
  0xc5,0x30,0x23,0x5d,0xcc,0x25,0x12,0xaf,0xf7,0x47,0x19,0xb7,0xdd,0xc0,0x41,0x39,
  0x5c,0x57,0x8e,0x46,0xec,0x65,0x3,0x40,0x62,0xa,0x32,0xf,0xf6,0x93,0xe9,0x57,
  0xf7,0xd3,0xe3,0xbf,0xda,0x4c,0x8,0x2c,0xac,0x83,0xe1,0x9f,0xed,0xa5,0x2,0x94,
  0xb1,0x84,0x32,0xf6,0x8e,0x0,0xa3,0xc0,0x1f,0xee,0xc0,0x79,0xb1,0xe3,0x4e,0xb4,
  0x25,0x65,0xd1,0x67,0x90,0xac,0x2d,0x4d,0x77,0x6,0x13,0x20,0xb9,0x4e,0xaa,0x41,
  0x1e,0xbb,0x1a,0x94,0x4a,0x6e,0x62,0x3e,0xec,0x29,0x91,0xfc,0x64,0xa6,0x6a,0x98,
  0x3f,0x4d,0xe4,0xe0,0xce,0xf3,0xe6,0xcc,0xc2,0x6c,0xf5,0xd2,0xf6,0xda,0xe,0xf4,
  0x17,0x66,0x6b,0x21,0x6d,0xf8,0x0,0x7f,0x5,0x69,0x2b,0x43,0x13,0xf2,0xec,0x16,
  0xa9,0x6a,0xfb,0xec,0xa,0x1b,0xbc,0x7b,0xb,0xee,0x12,0xc4,0xd5,0x5,0x7a,0xfd,
  0x66,0x56,0x3e,0x78,0x6a,0xd3,0x26,0xbe,0x99,0x3,0x6f,0xf6,0x8,0x30,0x74,0xbb,
  0x24,0xf0,0xfa,0x35,0x98,0x4f,0xd8,0xb3,0xab,0xa9,0xbd,0x39,0x79,0x71,0x86,0x0,
  0x43,0xb7,0xf,0x2,0xc3,0x2f,0x95,0x5d,0xb3,0x73,0xa0,0x72,0x18,0xfa,0x4,0xed,
  0xd2,0x5d,0xb0,0xf7,0x93,0x3d,0xfb,0x2e,0xbf,0x7b,0x24,0xbf,0xad,0x26,0xc5,0x69,
  0x57,0xfd,0x2b,0xe8,0x3f,0x49,0xdc,0x52,0xe3,0xf0,0xc4,0x56,0xbe,0x45,0xd,0x6f,
  0xf1,0x51,0x5f,0xed,0xf3,0x2d,0x25,0xb,0x5e,0xdb,0xd7,0xa0,0xc0,0xb6,0x53,0xa2,
  0x25,0x86,0x68,0xa5,0xeb,0x56,0x18,0x3e,0x3c,0xc0,0xec,0xdb,0x5b,0x67,0xca,0xee,
  0x92,0xb2,0xf7,0x82,0x18,0x49,0x7f,0xa0,0xb1,0x3c,0x22,0x2f,0xee,0x28,0x1b,0xbf,
  0xc0,0x30,0x3d,0xf3,0x70,0x30,0x33,0xb7,0x83,0x4e,0x2,0x49,0x81,0x75,0x4b,0x50,
  0xd9,0x4c,0x80,0xe3,0x11,0x62,0x24,0xdd,0x42,0xc4,0x27,0x1b,0x55,0x23,0x99,0x2c,
  0xa5,0xaa,0x70,0xec,0x6f,0xb2,0x9,0xfc,0x51,0xea,0x78,0x13,0x65,0x1a,0xd4,0x93,
  0xa1,0xac,0xae,0x1b,0x5c,0xd,0x9,0x8,0x70,0xdb,0x15,0x90,0x58,0x81,0x6f,0x8f,
  0x4,0x91,0x7e,0xc6,0x63,0xda,0x5d,0xc6,0xcf,0xb2,0x18,0xda,0xb3,0xa2,0xad,0x57,
  0x66,0x61,0xb1,0xb0,0xce,0x26,0x63,0xf2,0xcb,0x65,0x79,0x3a,0x51,0x99,0xb1,0x76,
  0xe8,0x27,0xa5,0xb2,0xb7,0x2c,0x4c,0xf,0x94,0xd,0xaa,0x4a,0x2b,0xf3,0x17,0x29,
  0xf0,0x9a,0xa8,0xdf,0xa0,0x28,0x2d,0x15,0x6e,0x50,0xe8,0x5,0x57,0xbf,0x3a,0x51,
  0x42,0xf5,0xa3,0xbf,0x3a,0xe1,0x3b,0xb9,0xcb,0x74,0x1f,0xe2,0x82,0x84,0xde,0x97,
  0x9d,0x80,0x53,0x87,0xb,0x35,0xd0,0x3,0x1f,0x95,0xdc,0xa3,0x97,0x9c,0x88,0x54,
  0xef,0xde,0xdc,0xee,0xe2,0xa8,0x80,0xe8,0x4c,0xc1,0xe3,0xd1,0x67,0xa9,0xd1,0x4e,
  0x2b,0xb5,0x87,0x52,0xde,0xd5,0x23,0x79,0xbd,0xc5,0x48,0xe8,0x32,0xc1,0xe6,0x13,
  0x9b,0xa7,0xf3,0x64,0x31,0xc0,0xc7,0xe1,0xb9,0x51,0x31,0xbe,0x81,0x58,0xa0,0x42,
  0x5a,0xae,0xd3,0xa3,0xe6,0x47,0xb3,0x89,0x65,0xf5,0xfe,0xa1,0xa5,0x74,0xf1,0x87,
  0xc8,0x5,0xe3,0x15,0x5,0x66,0x9f,0x9f,0xec,0xa2,0x62,0xc4,0x9a,0xac,0xa9,0xf4,
  0xaf,0xc9,0xcc,0xcc,0x1b,0xe2,0xc0,0xd1,0x5d,0xb3,0x28,0x59,0x7f,0x25,0x66,0x6b,
  0x4,0x8c,0xfd,0x56,0x8b,0xc8,0x1d,0x4c,0xbc,0xcb,0xc,0x57,0x1f,0x60,0x97,0x5f,
  0x12,0x15,0xcc,0x72,0xb6,0xfc,0x29,0xd1,0xac,0xfc,0xe8,0x1d,0x74,0x90,0x60,0x70,
  0xa,0xec,0x6e,0x82,0xa1,0xa9,0xf4,0xf6,0x53,0xe3,0x8b,0xce,0xb7,0xd8,0x48,0x5c,
  0xea,0xfe,0x9c,0xe9,0x65,0x69,0x14,0x3a,0x5e,0x45,0xbe,0x99,0x2c,0x48,0xdd,0x4a,
  0xed,0x27,0x2a,0xd2,0x8b,0x22,0xd,0xb6,0x4e,0xad,0x4c,0x53,0xcd,0xe2,0xd7,0x8d,
  0x5f,0x40,0x72,0xbd,0x1e,0xbf,0x96,0x96,0x4a,0xf1,0xab,0x4e,0x70,0xf5,0xf8,0xb5,
  0x84,0x6a,0x3d,0x7e,0xd5,0x15,0x52,0x7b,0x92,0x4b,0x93,0x98,0x1b,0x13,0xf5,0x6b,
  0x9,0x17,0xd0,0x7a,0x73,0x4a,0x42,0x7,0x9c,0x9a,0x60,0xa3,0xa7,0x89,0xfa,0x84,
  0x72,0xfc,0x27,0x41,0xb4,0xdb,0x86,0x26,0x4c,0x19,0x7b,0x51,0x9e,0x70,0x3f,0xdd,
  0x57,0x6b,0xb2,0xd8,0x5e,0xa7,0xf6,0xf6,0xe1,0x26,0xbf,0x9c,0xa5,0xfe,0x8a,0x8e,
  0x49,0x8c,0x8,0x77,0xf8,0xe4,0x46,0xba,0xc,0x11,0x55,0xa2,0x96,0x48,0x7c,0x30,
  0xcb,0x5c,0x58,0x53,0x34,0xaa,0xe0,0x5b,0x84,0xa5,0x63,0xf5,0x5f,0x15,0x2c,0x6e,
  0x2b,0xb0,0xf8,0x99,0x81,0xa5,0xba,0xd1,0x27,0x34,0xfa,0x58,0x76,0xcd,0x99,0xd9,
  0x1,0x65,0x31,0xf9,0xb1,0x98,0x7f,0xfd,0x2b,0x7,0xea,0x6e,0x0,0x95,0x8f,0xd1,
  0xd,0x98,0xdb,0x24,0x65,0x63,0x24,0x9d,0x3c,0xce,0x69,0x97,0xb9,0x71,0xba,0x22,
  0xc4,0xa0,0xd5,0xbd,0xc1,0x70,0x25,0x66,0xb7,0x39,0x66,0xc3,0xde,0x5b,0xa1,0xf,
  0xad,0x7e,0xcd,0xa9,0xe3,0xa7,0xc7,0x6b,0xc9,0xfc,0xa1,0xbf,0xe8,0x17,0x85,0x6a,
  0x29,0x9e,0xd8,0xc9,0x92,0xb9,0x50,0xcb,0x3c,0x16,0x94,0x25,0xc9,0x43,0x99,0xd1,
  0xc3,0xde,0x13,0xd3,0xc3,0xaf,0x4d,0x28,0xe7,0x43,0x11,0xe5,0xaf,0xe3,0x52,0x34,
  0x2e,0x7d,0x88,0x69,0x2c,0x43,0x3f,0x37,0x99,0x64,0xd4,0x9,0x2e,0x39,0xd5,0x6a,
  0x97,0x84,0xdf,0xf0,0xd0,0x8c,0xe,0xcd,0xa7,0x12,0x75,0xbf,0x59,0x5a,0x2a,0xf8,
  0x4d,0x3,0xf9,0xd5,0x9d,0x66,0xdd,0x69,0x12,0xdb,0x57,0x55,0x8f,0xb4,0x37,0x3,
  0xed,0x3f,0x90,0x17,0xe7,0x8d,0xed,0xd,0x47,0x4b,0x21,0x41,0x8c,0x74,0x66,0xef,
  0x5f,0x12,0xd9,0x36,0xfc,0x72,0x97,0xe3,0x7b,0xca,0xf2,0x84,0x3c,0xb3,0x93,0x99,
  0xd9,0x36,0xa4,0x15,0x63,0xc4,0x5e,0xe1,0x5a,0x9c,0xe7,0xe1,0x33,0x5d,0x67,0x23,
  0xc,0xb2,0x68,0x14,0xa1,0x35,0x55,0x29,0x66,0x1e,0xef,0x28,0xbb,0x43,0xe6,0xb4,
  0x3a,0x25,0x26,0x5a,0x4b,0x6b,0x59,0xbd,0x51,0x4,0xc3,0x3b,0xa9,0xfd,0x47,0x75,
  0x6b,0x58,0x5a,0x2a,0xbd,0x74,0x44,0x27,0xb8,0xba,0x19,0xac,0x9b,0x41,0xe2,0xfb,
  0xd5,0xea,0xbd,0x78,0xb0,0xb7,0x91,0x3e,0x78,0x64,0xf6,0xd2,0x10,0x96,0xf,0x89,
  0x70,0x52,0x82,0x6a,0xc2,0xe6,0x1f,0xf1,0x8,0xd1,0xc5,0xd0,0x2c,0x9d,0xcc,0xca,
  0xfd,0xca,0x44,0xae,0xa1,0xe3,0x29,0x64,0xfd,0x2e,0xdf,0x22,0x32,0x7f,0xf8,0xe6,
  0x7e,0x19,0x6a,0x52,0x6f,0x4d,0xe8,0xb4,0x77,0x75,0x7f,0x27,0xf5,0xfa,0x7c,0xae,
  0x16,0xe3,0xfb,0x24,0x5d,0xdd,0xd7,0xd5,0xd6,0x8f,0x62,0x97,0x41,0xb0,0x27,0x78,
  0xbb,0x92,0x99,0x79,0xe,0x12,0x49,0xb0,0xb5,0x67,0xf8,0x80,0x61,0x28,0x3f,0xb4,
  0x6,0x89,0x2e,0xaf,0xaa,0x5f,0x80,0x4e,0x8f,0x8f,0xc9,0xf3,0x2f,0xdd,0xc6,0x3e,
  0x4a,0x8,0x49,0x7d,0x50,0x27,0x6e,0x30,0x62,0x8c,0x15,0x78,0x77,0x25,0x2a,0x15,
  0xc9,0x78,0xac,0x90,0xf1,0xd8,0x7d,0x18,0xaf,0x15,0x2a,0xde,0x13,0xc8,0xc,0x9a,
  0x8f,0xcb,0xbf,0x33,0x4e,0xf7,0x7,0x7a,0x65,0xe5,0x78,0x51,0xbe,0xbb,0x6,0xc6,
  0x12,0x94,0xee,0xb5,0x87,0x14,0xf4,0x32,0xd0,0x34,0xe4,0x3a,0xb5,0xb,0x3c,0x8f,
  0x6f,0x49,0xc5,0xb2,0xaa,0x9,0x6b,0x51,0xc1,0xb7,0x8c,0xfd,0xfa,0xc1,0x5,0xed,
  0xa1,0x38,0xaf,0x8e,0xa3,0x4,0xfe,0x92,0x28,0xa,0xe2,0xd7,0x1,0xf5,0x1b,0x38,
  0xc1,0xc6,0x48,0x2c,0xdc,0x54,0x84,0x85,0x4a,0x0,0x92,0x10,0x38,0xc6,0xc9,0x9,
  0xe1,0x46,0xc7,0x97,0x8,0x94,0x8a,0x61,0x96,0x18,0x34,0xdc,0xef,0xf8,0x94,0x42,
  0x23,0xb,0xc6,0xdd,0x36,0xa3,0xa8,0xb1,0xd,0xa9,0x55,0x47,0x2a,0x90,0x1d,0xe7,
  0xb0,0x48,0xe8,0x73,0x36,0x16,0x20,0xa4,0x15,0xd4,0xd,0x35,0x25,0xa7,0xfa,0x1c,
  0xf8,0xeb,0xbf,0xe8,0x63,0xf9,0x12,
    // E:/QTproject/kylinqt/components/Indicator.qml
  0x0,0x0,0x3,0xb3,
  0x69,
  0x6d,0x70,0x6f,0x72,0x74,0x20,0x51,0x74,0x51,0x75,0x69,0x63,0x6b,0x20,0x32,0x2e,
  0x31,0x32,0xd,0xa,0x69,0x6d,0x70,0x6f,0x72,0x74,0x20,0x51,0x74,0x51,0x75,0x69,
  0x63,0x6b,0x2e,0x43,0x6f,0x6e,0x74,0x72,0x6f,0x6c,0x73,0x20,0x32,0x2e,0x31,0x32,
  0xd,0xa,0xd,0xa,0x2f,0x2f,0x20,0xe8,0x87,0xaa,0xe6,0xa3,0x80,0xe6,0x8c,0x87,
  0xe7,0xa4,0xba,0xe7,0x81,0xaf,0xef,0xbc,0x9a,0xe6,0xad,0xa3,0xe5,0xb8,0xb8,0x20,
  0x3d,0x20,0xe7,0xbb,0xbf,0xe8,0x89,0xb2,0xe5,0x9c,0x86,0xe7,0x82,0xb9,0xef,0xbc,
  0x8c,0xe5,0xbc,0x82,0xe5,0xb8,0xb8,0x20,0x3d,0x20,0xe7,0xba,0xa2,0xe8,0x89,0xb2,
  0xe5,0x9c,0x86,0xe7,0x82,0xb9,0xd,0xa,0x49,0x74,0x65,0x6d,0x20,0x7b,0xd,0xa,
  0x20,0x20,0x20,0x20,0x69,0x64,0x3a,0x20,0x72,0x6f,0x6f,0x74,0xd,0xa,0x20,0x20,
  0x20,0x20,0x68,0x65,0x69,0x67,0x68,0x74,0x3a,0x20,0x34,0x30,0xd,0xa,0x20,0x20,
  0x20,0x20,0x77,0x69,0x64,0x74,0x68,0x3a,0x20,0x72,0x6f,0x77,0x4c,0x61,0x79,0x6f,
  0x75,0x74,0x2e,0x69,0x6d,0x70,0x6c,0x69,0x63,0x69,0x74,0x57,0x69,0x64,0x74,0x68,
  0xd,0xa,0xd,0xa,0x20,0x20,0x20,0x20,0x70,0x72,0x6f,0x70,0x65,0x72,0x74,0x79,
  0x20,0x62,0x6f,0x6f,0x6c,0x20,0x6e,0x6f,0x72,0x6d,0x61,0x6c,0x3a,0x20,0x74,0x72,
  0x75,0x65,0x20,0x20,0x20,0x20,0x20,0x20,0x20,0x20,0x20,0x20,0x2f,0x2f,0x20,0x74,
  0x72,0x75,0x65,0x3d,0xe6,0xad,0xa3,0xe5,0xb8,0xb8,0x28,0xe7,0xbb,0xbf,0x29,0x2c,
  0x20,0x66,0x61,0x6c,0x73,0x65,0x3d,0xe5,0xbc,0x82,0xe5,0xb8,0xb8,0x28,0xe7,0xba,
  0xa2,0x29,0xd,0xa,0x20,0x20,0x20,0x20,0x70,0x72,0x6f,0x70,0x65,0x72,0x74,0x79,
  0x20,0x73,0x74,0x72,0x69,0x6e,0x67,0x20,0x6c,0x61,0x62,0x65,0x6c,0x3a,0x20,0x22,
  0x22,0x20,0x20,0x20,0x20,0x20,0x20,0x20,0x20,0x20,0x20,0x20,0x2f,0x2f,0x20,0xe6,
  0xa0,0x87,0xe7,0xad,0xbe,0xe6,0x96,0x87,0xe5,0xad,0x97,0xd,0xa,0x20,0x20,0x20,
  0x20,0x70,0x72,0x6f,0x70,0x65,0x72,0x74,0x79,0x20,0x69,0x6e,0x74,0x20,0x66,0x6f,
  0x6e,0x74,0x53,0x69,0x7a,0x65,0x3a,0x20,0x31,0x38,0xd,0xa,0xd,0xa,0x20,0x20,
  0x20,0x20,0x52,0x6f,0x77,0x20,0x7b,0xd,0xa,0x20,0x20,0x20,0x20,0x20,0x20,0x20,
  0x20,0x69,0x64,0x3a,0x20,0x72,0x6f,0x77,0x4c,0x61,0x79,0x6f,0x75,0x74,0xd,0xa,
  0x20,0x20,0x20,0x20,0x20,0x20,0x20,0x20,0x73,0x70,0x61,0x63,0x69,0x6e,0x67,0x3a,
  0x20,0x36,0xd,0xa,0x20,0x20,0x20,0x20,0x20,0x20,0x20,0x20,0x61,0x6e,0x63,0x68,
  0x6f,0x72,0x73,0x2e,0x76,0x65,0x72,0x74,0x69,0x63,0x61,0x6c,0x43,0x65,0x6e,0x74,
  0x65,0x72,0x3a,0x20,0x70,0x61,0x72,0x65,0x6e,0x74,0x2e,0x76,0x65,0x72,0x74,0x69,
  0x63,0x61,0x6c,0x43,0x65,0x6e,0x74,0x65,0x72,0xd,0xa,0xd,0xa,0x20,0x20,0x20,
  0x20,0x20,0x20,0x20,0x20,0x52,0x65,0x63,0x74,0x61,0x6e,0x67,0x6c,0x65,0x20,0x7b,
  0xd,0xa,0x20,0x20,0x20,0x20,0x20,0x20,0x20,0x20,0x20,0x20,0x20,0x20,0x69,0x64,
  0x3a,0x20,0x73,0x74,0x61,0x74,0x75,0x73,0x44,0x6f,0x74,0xd,0xa,0x20,0x20,0x20,
  0x20,0x20,0x20,0x20,0x20,0x20,0x20,0x20,0x20,0x77,0x69,0x64,0x74,0x68,0x3a,0x20,
  0x31,0x30,0xd,0xa,0x20,0x20,0x20,0x20,0x20,0x20,0x20,0x20,0x20,0x20,0x20,0x20,
  0x68,0x65,0x69,0x67,0x68,0x74,0x3a,0x20,0x31,0x30,0xd,0xa,0x20,0x20,0x20,0x20,
  0x20,0x20,0x20,0x20,0x20,0x20,0x20,0x20,0x72,0x61,0x64,0x69,0x75,0x73,0x3a,0x20,
  0x35,0xd,0xa,0x20,0x20,0x20,0x20,0x20,0x20,0x20,0x20,0x20,0x20,0x20,0x20,0x63,
  0x6f,0x6c,0x6f,0x72,0x3a,0x20,0x72,0x6f,0x6f,0x74,0x2e,0x6e,0x6f,0x72,0x6d,0x61,
  0x6c,0x20,0x3f,0x20,0x22,0x23,0x34,0x43,0x41,0x46,0x35,0x30,0x22,0x20,0x3a,0x20,
  0x22,0x23,0x46,0x34,0x34,0x33,0x33,0x36,0x22,0xd,0xa,0x20,0x20,0x20,0x20,0x20,
  0x20,0x20,0x20,0x20,0x20,0x20,0x20,0x61,0x6e,0x63,0x68,0x6f,0x72,0x73,0x2e,0x76,
  0x65,0x72,0x74,0x69,0x63,0x61,0x6c,0x43,0x65,0x6e,0x74,0x65,0x72,0x3a,0x20,0x70,
  0x61,0x72,0x65,0x6e,0x74,0x2e,0x76,0x65,0x72,0x74,0x69,0x63,0x61,0x6c,0x43,0x65,
  0x6e,0x74,0x65,0x72,0xd,0xa,0x20,0x20,0x20,0x20,0x20,0x20,0x20,0x20,0x7d,0xd,
  0xa,0x20,0x20,0x20,0x20,0x20,0x20,0x20,0x20,0x54,0x65,0x78,0x74,0x20,0x7b,0xd,
  0xa,0x20,0x20,0x20,0x20,0x20,0x20,0x20,0x20,0x20,0x20,0x20,0x20,0x74,0x65,0x78,
  0x74,0x3a,0x20,0x72,0x6f,0x6f,0x74,0x2e,0x6c,0x61,0x62,0x65,0x6c,0xd,0xa,0x20,
  0x20,0x20,0x20,0x20,0x20,0x20,0x20,0x20,0x20,0x20,0x20,0x66,0x6f,0x6e,0x74,0x2e,
  0x70,0x69,0x78,0x65,0x6c,0x53,0x69,0x7a,0x65,0x3a,0x20,0x72,0x6f,0x6f,0x74,0x2e,
  0x66,0x6f,0x6e,0x74,0x53,0x69,0x7a,0x65,0xd,0xa,0x20,0x20,0x20,0x20,0x20,0x20,
  0x20,0x20,0x20,0x20,0x20,0x20,0x63,0x6f,0x6c,0x6f,0x72,0x3a,0x20,0x72,0x6f,0x6f,
  0x74,0x2e,0x6e,0x6f,0x72,0x6d,0x61,0x6c,0x20,0x3f,0x20,0x22,0x23,0x33,0x33,0x33,
  0x33,0x33,0x33,0x22,0x20,0x3a,0x20,0x22,0x23,0x64,0x39,0x33,0x30,0x32,0x35,0x22,
  0xd,0xa,0x20,0x20,0x20,0x20,0x20,0x20,0x20,0x20,0x20,0x20,0x20,0x20,0x61,0x6e,
  0x63,0x68,0x6f,0x72,0x73,0x2e,0x76,0x65,0x72,0x74,0x69,0x63,0x61,0x6c,0x43,0x65,
  0x6e,0x74,0x65,0x72,0x3a,0x20,0x70,0x61,0x72,0x65,0x6e,0x74,0x2e,0x76,0x65,0x72,
  0x74,0x69,0x63,0x61,0x6c,0x43,0x65,0x6e,0x74,0x65,0x72,0xd,0xa,0x20,0x20,0x20,
  0x20,0x20,0x20,0x20,0x20,0x7d,0xd,0xa,0x20,0x20,0x20,0x20,0x7d,0xd,0xa,0x7d,
  0xd,0xa,
    // E:/QTproject/kylinqt/components/LaserRecvArea.qml
  0x0,0x0,0x6,0x25,
  0x0,
  0x0,0x2a,0x4a,0x78,0x9c,0xed,0x59,0xff,0x6f,0xd3,0x46,0x14,0xff,0xbd,0x52,0xff,
  0x87,0x93,0xf9,0x81,0x74,0x9b,0xd2,0x38,0x2d,0xa5,0xcd,0x84,0x26,0x28,0x6c,0x20,
  0xb1,0xd,0xe8,0xbe,0x68,0x3f,0xba,0xf6,0x25,0xb5,0x70,0x7d,0xd9,0xf9,0x4c,0x1b,
  0x26,0xa4,0xa0,0xa9,0x40,0x19,0xdf,0x36,0xad,0x6c,0x40,0x45,0xa1,0x1b,0x1b,0x43,
  0xac,0x74,0x1a,0xa3,0x5d,0x50,0xa9,0xb4,0x3f,0x5,0xc5,0x4e,0xfa,0x5f,0xec,0xec,
  0x8b,0x13,0x37,0x39,0x3b,0x8e,0x93,0x6a,0x4c,0xca,0x29,0x6a,0x9c,0xbb,0xf7,0xde,
  0xe7,0xbd,0x7b,0xef,0x3e,0x7e,0xae,0xd5,0xd9,0x3c,0xc2,0x4,0x9c,0x26,0xa7,0x4d,
  0x55,0x3e,0xb,0xd2,0x49,0x31,0x3d,0x38,0xa0,0xee,0x9a,0x4c,0x4e,0x22,0x9d,0x60,
  0xa4,0x19,0xfc,0xd5,0x93,0x52,0x1,0x99,0xc4,0x0,0xa2,0x7f,0x91,0x48,0x88,0x19,
  0x14,0x93,0xa9,0xfa,0xa4,0x90,0x1c,0x16,0x6,0x7,0x6,0x7,0xce,0x40,0x99,0x48,
  0x7a,0x4e,0x83,0xe0,0xab,0xc1,0x1,0x40,0x87,0xaa,0x64,0x0,0x46,0x88,0xb0,0x5f,
  0x79,0x8c,0xf2,0x10,0x93,0x2,0x50,0x75,0x2,0x66,0xb,0x73,0xaa,0x42,0x66,0x32,
  0x62,0x3a,0x95,0xe2,0x2e,0xcf,0x40,0x35,0x37,0x43,0x32,0x23,0xe9,0xda,0x32,0x13,
  0xf7,0xf4,0xd8,0x5c,0x4d,0xa6,0x2e,0xcd,0x66,0x65,0xa4,0x21,0x9c,0x1,0xfb,0xf7,
  0xc1,0x89,0x6c,0x2a,0x3b,0xb1,0x9f,0x63,0x3e,0x87,0x91,0x99,0x3f,0xee,0xea,0x88,
  0x19,0x20,0x1e,0x60,0x18,0x4e,0xc,0x8e,0xe8,0xf0,0x30,0x78,0xbd,0x74,0x8b,0x7d,
  0x80,0xbd,0xb4,0x6e,0x5f,0x5f,0xb3,0x7f,0x7c,0x55,0xf9,0xb9,0x64,0x5d,0x2b,0x35,
  0x56,0x98,0x6c,0x4b,0xcc,0xce,0x90,0x74,0x79,0x6,0x61,0x23,0xa9,0xc1,0x2c,0xf5,
  0x2e,0x2f,0x61,0xa8,0x13,0xf7,0x7,0x5f,0xe4,0x43,0x9,0xe7,0x54,0x9d,0xfa,0x91,
  0x6a,0x5d,0xc7,0x2c,0xc2,0x9a,0xd,0xdc,0x88,0xb2,0x45,0x28,0xcc,0xa,0x41,0xf9,
  0xba,0xd,0x7a,0xcd,0x15,0xa8,0xeb,0x8f,0x35,0x96,0xe9,0x4e,0x78,0x12,0xd3,0x88,
  0x10,0x34,0x5b,0xb7,0xc2,0x7e,0x86,0x48,0xf2,0xdc,0x69,0x64,0x46,0x54,0xc6,0x95,
  0xf1,0xfd,0xde,0x86,0x3b,0x63,0x12,0x69,0xe6,0xac,0xce,0x8a,0xce,0xbf,0x97,0x7e,
  0x2f,0xb3,0xaa,0xa6,0x79,0x1e,0xec,0x96,0x30,0xf2,0x92,0xac,0xea,0x39,0xa,0xe7,
  0xb7,0xe9,0x26,0x8,0xcd,0xf1,0x8d,0x7a,0x5,0x9a,0x55,0xb1,0x41,0xa8,0x54,0xeb,
  0x6a,0xdd,0xe8,0x68,0xb3,0xd1,0x5a,0xc4,0xaf,0xbf,0x2f,0xd2,0xf,0xa8,0x5c,0x7d,
  0x61,0x17,0x2f,0x96,0xb7,0x1f,0xda,0x17,0x9f,0xd5,0xe6,0x5a,0xc5,0x3f,0x70,0x4a,
  0xee,0x8,0x9a,0xe7,0xb9,0xe1,0x8c,0x69,0x49,0x3e,0xeb,0x94,0xa5,0x4e,0x5d,0xe2,
  0x16,0x55,0xf3,0xa8,0x6d,0xa6,0x40,0xb0,0xa4,0x1b,0x6c,0x4f,0x84,0x60,0xe9,0x69,
  0x84,0x15,0x88,0x93,0x9e,0x52,0xe,0x4b,0x85,0xf6,0xd2,0xb5,0x33,0x37,0x1a,0x2c,
  0x88,0x25,0x45,0x35,0x8d,0xc,0x18,0xe7,0x8b,0x5c,0xe0,0x4f,0x13,0x95,0x68,0x90,
  0x7a,0xe1,0xdf,0xb8,0x0,0x6f,0xb2,0x94,0xa3,0x92,0x79,0x75,0x1e,0x6a,0x53,0xea,
  0x79,0xaa,0x23,0x6,0x20,0xb1,0x1c,0xbb,0x15,0xf2,0x39,0xf3,0x9a,0x60,0x13,0x86,
  0xca,0xe6,0x31,0xcc,0x42,0x8c,0xa1,0x72,0xbc,0x46,0x23,0x7e,0x56,0xe0,0x6b,0x6a,
  0xd2,0x34,0xa4,0x15,0x78,0xd2,0xf9,0xa,0xcb,0xd,0x81,0xf3,0x8d,0x43,0xeb,0x46,
  0x1b,0x2c,0x1b,0x35,0x42,0x17,0x9f,0xb2,0xc5,0x29,0x49,0x51,0x58,0xa9,0xa7,0x43,
  0x1c,0x40,0xf9,0xba,0xdc,0x58,0x60,0x6e,0xf8,0xb,0xf4,0x2c,0x84,0xc5,0x56,0x3f,
  0x15,0x23,0xa9,0x60,0x21,0xef,0xc4,0xca,0x74,0x3,0x20,0x3e,0xa1,0x37,0x4e,0x6d,
  0xb0,0xe,0x63,0x80,0x30,0xe8,0x5d,0xf0,0x63,0x61,0xb6,0x9c,0x71,0x54,0x22,0x52,
  0xdb,0x4c,0x79,0xa3,0x96,0x59,0xe1,0xe8,0x17,0x9f,0xb0,0xaa,0xcc,0x84,0x1c,0xf,
  0x6f,0x9c,0x93,0x34,0x93,0x66,0x2c,0x82,0x79,0xd7,0xf3,0x39,0x95,0xc8,0x33,0x9,
  0x4d,0x32,0x20,0x76,0x7c,0x4b,0x2a,0x5,0x32,0x45,0x24,0x62,0x1a,0x43,0x51,0x4d,
  0x38,0x43,0xa6,0xfa,0x20,0x35,0x9f,0x4a,0xd1,0x7b,0x2b,0x24,0x26,0xd6,0x81,0x60,
  0xbd,0x5a,0xb0,0x97,0x4b,0x11,0x1c,0x6e,0xb6,0x21,0x36,0x6c,0x54,0x2f,0x3f,0xb1,
  0x7f,0x2a,0x96,0x37,0x7f,0x8f,0x61,0x66,0xd4,0xe7,0xca,0xda,0xdd,0xea,0xd6,0x73,
  0xfb,0xd6,0x72,0xe5,0xf9,0x6a,0xc,0x4b,0x7,0x1a,0x96,0x2a,0x2b,0xbf,0x59,0x5b,
  0xab,0xb1,0x2d,0x8d,0xf9,0x7c,0x5a,0xbe,0xd4,0x8d,0xa5,0x83,0xd,0x4b,0xf6,0xf5,
  0xa5,0xea,0x8d,0x8d,0x18,0x36,0xc6,0x7d,0x71,0x3d,0xfe,0xd3,0xd9,0xa4,0x8d,0x95,
  0xea,0xe6,0x93,0x18,0x96,0x26,0x7c,0x29,0x5b,0x5b,0xb7,0xb6,0x2f,0xc5,0xb6,0x74,
  0x98,0x9f,0xb5,0x44,0x79,0xeb,0x7a,0x65,0x6b,0x6d,0x28,0x86,0xc5,0x23,0xfc,0xec,
  0x75,0x61,0x71,0x92,0x9f,0xc5,0x18,0x16,0x15,0x98,0x95,0x4c,0x8d,0xf8,0x72,0xb9,
  0xfc,0xa4,0xb2,0xf2,0x28,0x91,0x9a,0x17,0xc0,0xdb,0x80,0x73,0x28,0x69,0x4f,0x34,
  0x45,0x30,0xa5,0x9a,0x84,0x38,0x36,0x44,0x45,0x84,0xa8,0x68,0x1,0x37,0xbd,0xe,
  0x44,0xda,0x2c,0xfb,0x88,0xad,0xce,0x5b,0xf6,0x8d,0x55,0xfb,0xaf,0x6f,0xac,0x3b,
  0x8f,0x3d,0xf6,0x7a,0xd7,0x63,0x27,0xa1,0x25,0x42,0x48,0x68,0x7f,0x81,0x30,0x27,
  0x4c,0xfa,0xe3,0xd3,0x3c,0x6d,0x93,0x27,0xa9,0x70,0x62,0xa8,0x3,0x3f,0xa2,0x13,
  0xac,0xbd,0xb4,0xb0,0x73,0x77,0x99,0xdd,0xf3,0x3b,0xe0,0xd8,0x16,0xf2,0x74,0xb3,
  0x79,0x42,0xcf,0x22,0xb1,0x5b,0xf6,0xfc,0xe8,0x70,0x77,0xcc,0x69,0xff,0xf0,0x80,
  0x5,0x15,0xc3,0x4c,0xda,0x5f,0x8f,0x8b,0x1d,0x9b,0x69,0x29,0xea,0xc8,0xb1,0x44,
  0x28,0x52,0x77,0xe7,0x27,0x59,0xc3,0xc8,0xdb,0x77,0x70,0xe8,0xd0,0x21,0x20,0x82,
  0xf7,0x80,0xb0,0x4f,0x94,0xe,0x8e,0xc0,0x71,0x1,0xd0,0xfc,0xee,0x53,0x26,0x46,
  0x52,0xe9,0x3,0x6d,0xdc,0x68,0x7,0xdf,0x45,0x69,0x55,0x1e,0x74,0x72,0xef,0x7e,
  0x83,0xeb,0x2a,0x96,0xbe,0xaf,0xa0,0x9a,0xcf,0x7d,0x3d,0xb2,0x74,0xc8,0x99,0x7f,
  0xf3,0x6a,0xaf,0xfb,0x8a,0xa,0x58,0xe2,0x4c,0x73,0x7b,0xe2,0xc6,0x83,0x5e,0xf5,
  0xd7,0xef,0xac,0xd2,0x2f,0xfd,0x7,0xbd,0xd6,0xd1,0xe6,0x41,0xcf,0xbf,0x71,0xfd,
  0x7,0xbd,0xff,0xdb,0x83,0xde,0xe8,0x7f,0xfe,0xa0,0x17,0x26,0xc7,0xeb,0x86,0xac,
  0x85,0x45,0xa7,0x9f,0xbd,0xfd,0x37,0xed,0x13,0x69,0xed,0xf9,0xba,0xa1,0x6,0x1d,
  0xa2,0x3c,0x51,0x65,0x49,0x3b,0x7c,0x5e,0x9d,0x35,0xc9,0xc,0x65,0xc1,0xf7,0x69,
  0x6a,0x94,0x44,0xda,0xed,0xf5,0xfe,0x59,0x17,0xe2,0x74,0x61,0xc,0xb7,0xbc,0xfd,
  0xac,0xfc,0x72,0xbd,0xd,0xee,0x29,0xe7,0xbe,0xd3,0x1b,0x54,0x16,0xa7,0x75,0xf1,
  0xa6,0xb5,0xb1,0x16,0x84,0xaa,0xc0,0x73,0xaa,0x44,0x54,0xa4,0x37,0xc7,0x3b,0xd2,
  0xd,0x32,0x8b,0x34,0x22,0xf2,0xee,0x88,0x23,0xe1,0x86,0x2c,0xf5,0x90,0xd3,0x77,
  0x8a,0x2b,0x7d,0x5a,0x8f,0x49,0xeb,0xfe,0xbd,0xeb,0x33,0x7b,0x9f,0xd9,0xf7,0x9a,
  0xd9,0x19,0xd7,0xed,0xdc,0x29,0x56,0xef,0x97,0xb8,0x74,0x93,0x2b,0x60,0x54,0xe3,
  0xb8,0x33,0x12,0x81,0x2d,0xc,0x3b,0x6c,0x74,0xc1,0x74,0x6d,0x70,0x5d,0x86,0xeb,
  0x25,0xaa,0x77,0x7,0xbb,0x54,0x29,0x6d,0x73,0x51,0x35,0x64,0xec,0x59,0xb0,0xe1,
  0xb0,0xb1,0x63,0xd,0x2c,0x5a,0x3e,0x77,0x87,0xaa,0x86,0xbe,0xdc,0x89,0xfa,0xfa,
  0xa6,0xfa,0xc7,0xc3,0x9d,0x3b,0xb7,0xaa,0x5f,0x6f,0xed,0x5c,0xbe,0xd9,0xa7,0x7f,
  0xff,0x68,0x47,0xff,0xbe,0x8d,0xeb,0x73,0x7f,0x9f,0xfb,0xf7,0x9a,0xfb,0x2b,0x4f,
  0x9f,0x96,0x37,0x8b,0xac,0xea,0xb8,0xb4,0xf4,0xa5,0x29,0x29,0xf4,0x38,0x11,0xf1,
  0x98,0xe,0x71,0xae,0xe0,0x67,0xa6,0x18,0x2c,0xe8,0xc0,0x95,0xae,0x45,0x80,0x4b,
  0xf7,0xc,0x6e,0x73,0x31,0x2,0xdc,0x48,0xaf,0xe0,0xac,0x7b,0xf7,0x22,0xc0,0x8d,
  0x76,0x4,0xd7,0xb3,0xff,0xb5,0x58,0xb,0x2f,0xca,0x2f,0x6f,0xf7,0x9b,0xf2,0xd6,
  0xd1,0x86,0x95,0xfd,0x1b,0xd7,0x67,0xe5,0x3e,0x2b,0xef,0x79,0x47,0xbe,0x5d,0xb4,
  0x16,0x16,0xad,0x6f,0x1f,0xdb,0xcb,0x2b,0x3e,0x22,0xf1,0xfd,0x4b,0xdd,0xbd,0x3a,
  0x5,0xb1,0x8a,0x14,0xf0,0x16,0x48,0xf,0xd5,0xa9,0x24,0xe5,0x76,0x8c,0xc0,0x8c,
  0xd7,0xa5,0x5a,0xab,0xf7,0x2b,0xf7,0xae,0xb6,0x7f,0xdf,0x95,0x93,0x54,0xbd,0x97,
  0xef,0xba,0xea,0xe,0x54,0xb7,0x68,0x9b,0xfc,0xa2,0xb2,0x78,0xc5,0x5e,0x7e,0x2a,
  0x72,0x39,0xd4,0x40,0x59,0x32,0x47,0x73,0xf4,0x19,0xc4,0x86,0x8a,0x74,0xb1,0x4b,
  0xce,0xf6,0x3,0xa6,0xa3,0x0,0xa6,0xbb,0x63,0xed,0x2e,0xfa,0xf4,0xa6,0xcb,0xda,
  0x17,0xfb,0x4b,0x49,0xbe,0xba,0x7d,0xdf,0xbe,0xf1,0xc8,0xba,0xb2,0xce,0x7c,0x9f,
  0xa2,0xc5,0x21,0x69,0x80,0x92,0x96,0x75,0x73,0xa3,0x2e,0x34,0x89,0x74,0x9d,0x92,
  0x36,0x8d,0xc3,0xf0,0xa,0x98,0xce,0x3a,0x83,0x48,0x38,0x7,0x49,0xc6,0xaf,0xbc,
  0x6b,0x3d,0x6b,0xea,0xae,0x1e,0x40,0xfa,0x31,0x8c,0x11,0xfe,0x58,0x96,0x4d,0x87,
  0x94,0x12,0xb3,0x46,0x6e,0xa8,0xc9,0x96,0x33,0x64,0xa,0x81,0x34,0x48,0x9f,0x6b,
  0x72,0x9,0xe1,0xa4,0x63,0x14,0x18,0xcc,0x25,0xe8,0xa8,0x67,0x84,0x77,0x80,0xa3,
  0xb9,0x4b,0xef,0x42,0x10,0x62,0xcd,0x6d,0x8a,0xd6,0x19,0x94,0xec,0xe9,0x9,0x11,
  0x81,0x8e,0xaa,0x86,0x1c,0x13,0x4b,0xf1,0xa9,0x6,0xc2,0xd1,0x2b,0xfa,0xf9,0x17,
  0x23,0x2c,0x8f,0xda,
  
};

static const unsigned char qt_resource_name[] = {
  // components
  0x0,0xa,
  0x7,0x6a,0x9,0x33,
  0x0,0x63,
  0x0,0x6f,0x0,0x6d,0x0,0x70,0x0,0x6f,0x0,0x6e,0x0,0x65,0x0,0x6e,0x0,0x74,0x0,0x73,
    // main.qml
  0x0,0x8,
  0x8,0x1,0x5a,0x5c,
  0x0,0x6d,
  0x0,0x61,0x0,0x69,0x0,0x6e,0x0,0x2e,0x0,0x71,0x0,0x6d,0x0,0x6c,
    // ImageSendArea.qml
  0x0,0x11,
  0xc,0xcc,0x1a,0x5c,
  0x0,0x49,
  0x0,0x6d,0x0,0x61,0x0,0x67,0x0,0x65,0x0,0x53,0x0,0x65,0x0,0x6e,0x0,0x64,0x0,0x41,0x0,0x72,0x0,0x65,0x0,0x61,0x0,0x2e,0x0,0x71,0x0,0x6d,0x0,0x6c,
  
    // LaserSendArea.qml
  0x0,0x11,
  0x6,0x32,0xe2,0x3c,
  0x0,0x4c,
  0x0,0x61,0x0,0x73,0x0,0x65,0x0,0x72,0x0,0x53,0x0,0x65,0x0,0x6e,0x0,0x64,0x0,0x41,0x0,0x72,0x0,0x65,0x0,0x61,0x0,0x2e,0x0,0x71,0x0,0x6d,0x0,0x6c,
  
    // MyTextField.qml
  0x0,0xf,
  0x1,0xb9,0x1e,0x5c,
  0x0,0x4d,
  0x0,0x79,0x0,0x54,0x0,0x65,0x0,0x78,0x0,0x74,0x0,0x46,0x0,0x69,0x0,0x65,0x0,0x6c,0x0,0x64,0x0,0x2e,0x0,0x71,0x0,0x6d,0x0,0x6c,
    // TurnTablestatus.qml
  0x0,0x13,
  0x6,0xbb,0xea,0x1c,
  0x0,0x54,
  0x0,0x75,0x0,0x72,0x0,0x6e,0x0,0x54,0x0,0x61,0x0,0x62,0x0,0x6c,0x0,0x65,0x0,0x73,0x0,0x74,0x0,0x61,0x0,0x74,0x0,0x75,0x0,0x73,0x0,0x2e,0x0,0x71,
  0x0,0x6d,0x0,0x6c,
    // Remotectlmode.qml
  0x0,0x11,
  0x1,0xb2,0x30,0x1c,
  0x0,0x52,
  0x0,0x65,0x0,0x6d,0x0,0x6f,0x0,0x74,0x0,0x65,0x0,0x63,0x0,0x74,0x0,0x6c,0x0,0x6d,0x0,0x6f,0x0,0x64,0x0,0x65,0x0,0x2e,0x0,0x71,0x0,0x6d,0x0,0x6c,
  
    // DataLabel.qml
  0x0,0xd,
  0xd,0xab,0x95,0xfc,
  0x0,0x44,
  0x0,0x61,0x0,0x74,0x0,0x61,0x0,0x4c,0x0,0x61,0x0,0x62,0x0,0x65,0x0,0x6c,0x0,0x2e,0x0,0x71,0x0,0x6d,0x0,0x6c,
    // ProgramMode.qml
  0x0,0xf,
  0xe,0x79,0xb6,0x7c,
  0x0,0x50,
  0x0,0x72,0x0,0x6f,0x0,0x67,0x0,0x72,0x0,0x61,0x0,0x6d,0x0,0x4d,0x0,0x6f,0x0,0x64,0x0,0x65,0x0,0x2e,0x0,0x71,0x0,0x6d,0x0,0x6c,
    // ImageArea.qml
  0x0,0xd,
  0x8,0xdf,0xe6,0x7c,
  0x0,0x49,
  0x0,0x6d,0x0,0x61,0x0,0x67,0x0,0x65,0x0,0x41,0x0,0x72,0x0,0x65,0x0,0x61,0x0,0x2e,0x0,0x71,0x0,0x6d,0x0,0x6c,
    // LaserArea.qml
  0x0,0xd,
  0xd,0xa3,0xdc,0x7c,
  0x0,0x4c,
  0x0,0x61,0x0,0x73,0x0,0x65,0x0,0x72,0x0,0x41,0x0,0x72,0x0,0x65,0x0,0x61,0x0,0x2e,0x0,0x71,0x0,0x6d,0x0,0x6c,
    // MySwitch.qml
  0x0,0xc,
  0x0,0x6,0xc,0x3c,
  0x0,0x4d,
  0x0,0x79,0x0,0x53,0x0,0x77,0x0,0x69,0x0,0x74,0x0,0x63,0x0,0x68,0x0,0x2e,0x0,0x71,0x0,0x6d,0x0,0x6c,
    // Myvideo5.qml
  0x0,0xc,
  0x2,0x89,0xcb,0x7c,
  0x0,0x4d,
  0x0,0x79,0x0,0x76,0x0,0x69,0x0,0x64,0x0,0x65,0x0,0x6f,0x0,0x35,0x0,0x2e,0x0,0x71,0x0,0x6d,0x0,0x6c,
    // ExGuide.qml
  0x0,0xb,
  0xf,0x41,0xcd,0x5c,
  0x0,0x45,
  0x0,0x78,0x0,0x47,0x0,0x75,0x0,0x69,0x0,0x64,0x0,0x65,0x0,0x2e,0x0,0x71,0x0,0x6d,0x0,0x6c,
    // MyComboBox.qml
  0x0,0xe,
  0x2,0x27,0x33,0x7c,
  0x0,0x4d,
  0x0,0x79,0x0,0x43,0x0,0x6f,0x0,0x6d,0x0,0x62,0x0,0x6f,0x0,0x42,0x0,0x6f,0x0,0x78,0x0,0x2e,0x0,0x71,0x0,0x6d,0x0,0x6c,
    // Modeselect.qml
  0x0,0xe,
  0x0,0xfe,0x75,0x7c,
  0x0,0x4d,
  0x0,0x6f,0x0,0x64,0x0,0x65,0x0,0x73,0x0,0x65,0x0,0x6c,0x0,0x65,0x0,0x63,0x0,0x74,0x0,0x2e,0x0,0x71,0x0,0x6d,0x0,0x6c,
    // ImageRecvArea.qml
  0x0,0x11,
  0xc,0xe7,0xde,0x5c,
  0x0,0x49,
  0x0,0x6d,0x0,0x61,0x0,0x67,0x0,0x65,0x0,0x52,0x0,0x65,0x0,0x63,0x0,0x76,0x0,0x41,0x0,0x72,0x0,0x65,0x0,0x61,0x0,0x2e,0x0,0x71,0x0,0x6d,0x0,0x6c,
  
    // Indicator.qml
  0x0,0xd,
  0xb,0xf0,0xa6,0x7c,
  0x0,0x49,
  0x0,0x6e,0x0,0x64,0x0,0x69,0x0,0x63,0x0,0x61,0x0,0x74,0x0,0x6f,0x0,0x72,0x0,0x2e,0x0,0x71,0x0,0x6d,0x0,0x6c,
    // LaserRecvArea.qml
  0x0,0x11,
  0x6,0xf1,0x26,0x3c,
  0x0,0x4c,
  0x0,0x61,0x0,0x73,0x0,0x65,0x0,0x72,0x0,0x52,0x0,0x65,0x0,0x63,0x0,0x76,0x0,0x41,0x0,0x72,0x0,0x65,0x0,0x61,0x0,0x2e,0x0,0x71,0x0,0x6d,0x0,0x6c,
  
  
};

static const unsigned char qt_resource_struct[] = {
  // :
  0x0,0x0,0x0,0x0,0x0,0x2,0x0,0x0,0x0,0x2,0x0,0x0,0x0,0x1,
0x0,0x0,0x0,0x0,0x0,0x0,0x0,0x0,
  // :/components
  0x0,0x0,0x0,0x0,0x0,0x2,0x0,0x0,0x0,0x11,0x0,0x0,0x0,0x3,
0x0,0x0,0x0,0x0,0x0,0x0,0x0,0x0,
  // :/main.qml
  0x0,0x0,0x0,0x1a,0x0,0x0,0x0,0x0,0x0,0x1,0x0,0x0,0x0,0x0,
0x0,0x0,0x1,0x9e,0x8d,0x28,0x8a,0xaf,
  // :/components/MySwitch.qml
  0x0,0x0,0x1,0x7c,0x0,0x0,0x0,0x0,0x0,0x1,0x0,0x0,0x38,0xe5,
0x0,0x0,0x1,0x9e,0x8c,0x1e,0x32,0xb7,
  // :/components/Modeselect.qml
  0x0,0x0,0x1,0xf6,0x0,0x0,0x0,0x0,0x0,0x1,0x0,0x0,0x4c,0xc0,
0x0,0x0,0x1,0x9e,0x8d,0x26,0x8,0xb7,
  // :/components/Remotectlmode.qml
  0x0,0x0,0x0,0xd0,0x0,0x0,0x0,0x0,0x0,0x1,0x0,0x0,0x2c,0xfe,
0x0,0x0,0x1,0x9e,0xd9,0x64,0x4,0x8a,
  // :/components/MyTextField.qml
  0x0,0x0,0x0,0x80,0x0,0x0,0x0,0x0,0x0,0x1,0x0,0x0,0x1f,0xc1,
0x0,0x0,0x1,0x9e,0x8c,0x1e,0x32,0xb9,
  // :/components/MyComboBox.qml
  0x0,0x0,0x1,0xd4,0x0,0x0,0x0,0x0,0x0,0x1,0x0,0x0,0x48,0x75,
0x0,0x0,0x1,0x9e,0xd9,0x64,0x4,0x88,
  // :/components/Myvideo5.qml
  0x0,0x0,0x1,0x9a,0x0,0x1,0x0,0x0,0x0,0x1,0x0,0x0,0x3b,0x6a,
0x0,0x0,0x1,0x9e,0x8c,0x1e,0x32,0xbc,
  // :/components/LaserSendArea.qml
  0x0,0x0,0x0,0x58,0x0,0x1,0x0,0x0,0x0,0x1,0x0,0x0,0x16,0x71,
0x0,0x0,0x1,0x9e,0xda,0x87,0x49,0x8e,
  // :/components/TurnTablestatus.qml
  0x0,0x0,0x0,0xa4,0x0,0x1,0x0,0x0,0x0,0x1,0x0,0x0,0x26,0x2a,
0x0,0x0,0x1,0x9e,0xda,0x78,0x96,0xbe,
  // :/components/LaserRecvArea.qml
  0x0,0x0,0x2,0x60,0x0,0x1,0x0,0x0,0x0,0x1,0x0,0x0,0x62,0xe,
0x0,0x0,0x1,0x9e,0xd9,0x64,0x4,0x7f,
  // :/components/ImageArea.qml
  0x0,0x0,0x1,0x3c,0x0,0x0,0x0,0x0,0x0,0x1,0x0,0x0,0x35,0xab,
0x0,0x0,0x1,0x9e,0x8c,0x1e,0x32,0xa8,
  // :/components/Indicator.qml
  0x0,0x0,0x2,0x40,0x0,0x0,0x0,0x0,0x0,0x1,0x0,0x0,0x5e,0x57,
0x0,0x0,0x1,0x9e,0x8c,0x1e,0x32,0xaf,
  // :/components/ImageSendArea.qml
  0x0,0x0,0x0,0x30,0x0,0x1,0x0,0x0,0x0,0x1,0x0,0x0,0x7,0x64,
0x0,0x0,0x1,0x9e,0xda,0xb8,0xd6,0xd9,
  // :/components/ImageRecvArea.qml
  0x0,0x0,0x2,0x18,0x0,0x1,0x0,0x0,0x0,0x1,0x0,0x0,0x52,0x8b,
0x0,0x0,0x1,0x9e,0xda,0x74,0x2e,0xb6,
  // :/components/LaserArea.qml
  0x0,0x0,0x1,0x5c,0x0,0x0,0x0,0x0,0x0,0x1,0x0,0x0,0x37,0x48,
0x0,0x0,0x1,0x9e,0x8c,0x1e,0x32,0xb0,
  // :/components/DataLabel.qml
  0x0,0x0,0x0,0xf8,0x0,0x0,0x0,0x0,0x0,0x1,0x0,0x0,0x30,0x69,
0x0,0x0,0x1,0x9e,0x8c,0x1e,0x32,0xa7,
  // :/components/ProgramMode.qml
  0x0,0x0,0x1,0x18,0x0,0x1,0x0,0x0,0x0,0x1,0x0,0x0,0x32,0xc3,
0x0,0x0,0x1,0x9e,0x8c,0x1e,0x32,0xbe,
  // :/components/ExGuide.qml
  0x0,0x0,0x1,0xb8,0x0,0x0,0x0,0x0,0x0,0x1,0x0,0x0,0x40,0x91,
0x0,0x0,0x1,0x9e,0x8c,0xaf,0xd5,0x5c,

};

#ifdef QT_NAMESPACE
#  define QT_RCC_PREPEND_NAMESPACE(name) ::QT_NAMESPACE::name
#  define QT_RCC_MANGLE_NAMESPACE0(x) x
#  define QT_RCC_MANGLE_NAMESPACE1(a, b) a##_##b
#  define QT_RCC_MANGLE_NAMESPACE2(a, b) QT_RCC_MANGLE_NAMESPACE1(a,b)
#  define QT_RCC_MANGLE_NAMESPACE(name) QT_RCC_MANGLE_NAMESPACE2( \
        QT_RCC_MANGLE_NAMESPACE0(name), QT_RCC_MANGLE_NAMESPACE0(QT_NAMESPACE))
#else
#   define QT_RCC_PREPEND_NAMESPACE(name) name
#   define QT_RCC_MANGLE_NAMESPACE(name) name
#endif

#ifdef QT_NAMESPACE
namespace QT_NAMESPACE {
#endif

bool qRegisterResourceData(int, const unsigned char *, const unsigned char *, const unsigned char *);

bool qUnregisterResourceData(int, const unsigned char *, const unsigned char *, const unsigned char *);

#ifdef QT_NAMESPACE
}
#endif

int QT_RCC_MANGLE_NAMESPACE(qInitResources_qml)();
int QT_RCC_MANGLE_NAMESPACE(qInitResources_qml)()
{
    QT_RCC_PREPEND_NAMESPACE(qRegisterResourceData)
        (0x2, qt_resource_struct, qt_resource_name, qt_resource_data);
    return 1;
}

int QT_RCC_MANGLE_NAMESPACE(qCleanupResources_qml)();
int QT_RCC_MANGLE_NAMESPACE(qCleanupResources_qml)()
{
    QT_RCC_PREPEND_NAMESPACE(qUnregisterResourceData)
       (0x2, qt_resource_struct, qt_resource_name, qt_resource_data);
    return 1;
}

namespace {
   struct initializer {
       initializer() { QT_RCC_MANGLE_NAMESPACE(qInitResources_qml)(); }
       ~initializer() { QT_RCC_MANGLE_NAMESPACE(qCleanupResources_qml)(); }
   } dummy;
}
